id_station,dh_utc,temperature,pression,humidite,point_de_rosee,visibilite,vent_moyen,vent_rafales,vent_direction,pluie_3h,pluie_1h,neige_au_sol,nebulosite,temps_omm
07015,2024-10-05 00:00:00,7.6,1020.7,89,5.9,6000,3.6,7.2,90,0,0,,,
07015,2024-10-05 01:00:00,7.5,1020.6,92,6.3,7000,3.6,7.2,30,,0,,,
07015,2024-10-05 02:00:00,7.4,1020.3,93,6.3,4400,7.2,7.2,40,,0,,,10
07015,2024-10-05 03:00:00,6.2,1020.1,95,5.5,2500,3.6,7.2,60,0,0,,,10
07015,2024-10-05 04:00:00,5.5,1019.9,96,4.9,500,3.6,3.6,90,,0,,,44
07015,2024-10-05 05:00:00,5,1019.8,98,4.7,300,3.6,3.6,100,,0,,,44
07015,2024-10-05 06:00:00,5.1,1019.7,100,5.1,100,3.6,10.8,100,0,0,,8,45
07015,2024-10-05 07:00:00,5.8,1019.5,100,5.8,700,3.6,10.8,90,,0,,,44
07015,2024-10-05 08:00:00,8.2,1019.6,98,7.9,5000,7.2,10.8,120,,0,,,
07015,2024-10-05 09:00:00,11.3,1019.6,84,8.7,6000,7.2,10.8,140,0,0,,,
07015,2024-10-05 10:00:00,13.8,1019.1,72,8.8,11000,7.2,10.8,140,,0,,,
07015,2024-10-05 11:00:00,15.5,1018.4,65,8.9,26000,7.2,14.4,150,,0,,,
07015,2024-10-05 12:00:00,16.9,1017.4,57,8.3,25000,10.8,21.6,160,0,0,,,
07015,2024-10-05 13:00:00,17.2,1016.4,58,8.9,25000,10.8,32.4,140,,0,,,
07015,2024-10-05 14:00:00,16.2,1015.9,56,7.4,30000,10.8,28.8,160,,0,,,
07015,2024-10-05 15:00:00,15.8,1015.3,58,7.5,30000,14.4,21.6,90,0,0,,7,
07015,2024-10-05 16:00:00,14.9,1014.5,61,7.4,19000,14.4,21.6,100,,0,,,
07015,2024-10-05 17:00:00,12.5,1013.9,71,7.4,40000,10.8,18,90,,0,,,
07015,2024-10-05 18:00:00,10.9,1013.7,78,7.2,30000,10.8,14.4,90,0,0,,,
07015,2024-10-05 19:00:00,10.4,1013.3,81,7.3,19000,7.2,10.8,90,,0,,,
07015,2024-10-05 20:00:00,9.2,1012.9,85,6.8,20000,10.8,18,90,,0,,,
07015,2024-10-05 21:00:00,8.7,1012.4,86,6.5,22000,14.4,21.6,100,0,0,,,
07015,2024-10-05 22:00:00,8.3,1012.3,86,6.1,26000,7.2,18,120,,0,,,
07015,2024-10-05 23:00:00,7.6,1011.4,88,5.7,21000,7.2,14.4,120,,0,,,
07015,2024-10-06 00:00:00,7.4,1010.8,87,5.4,21000,10.8,18,100,0.2,0.2,,,
07015,2024-10-06 01:00:00,7.8,1010.2,88,5.9,22000,10.8,18,120,,0,,,
07015,2024-10-06 02:00:00,7.9,1009,89,6.2,21000,14.4,25.2,100,,0,,,
07015,2024-10-06 03:00:00,8.2,1008.5,89,6.5,26000,14.4,25.2,110,0,0,,6,
07015,2024-10-06 04:00:00,8.2,1007.8,89,6.5,26000,18,28.8,110,,0,,8,
07015,2024-10-06 05:00:00,8.4,1007.2,89,6.7,26000,18,25.2,110,,0,,8,
07015,2024-10-06 06:00:00,8.8,1007,88,6.9,27000,21.6,28.8,110,0,0,,8,
07015,2024-10-06 07:00:00,9.4,1006.4,85,7,23000,18,32.4,90,,0,,8,
07015,2024-10-06 08:00:00,9.9,1006.2,85,7.5,30000,14.4,32.4,110,,0,,7,
07015,2024-10-06 09:00:00,12,1005.3,79,8.5,19000,21.6,32.4,120,0,0,,8,
07015,2024-10-06 10:00:00,13.6,1004.8,71,8.4,20000,21.6,39.6,140,,0,,,
07015,2024-10-06 11:00:00,15.4,1004,67,9.3,16000,25.2,43.2,140,,0,,,
07015,2024-10-06 12:00:00,15,1003.1,69,9.4,17000,25.2,39.6,140,0,0,,7,
07015,2024-10-06 13:00:00,15.3,1002.4,69,9.6,19000,25.2,36,130,,0,,7,
07015,2024-10-06 14:00:00,15,1002,71,9.8,22000,25.2,46.8,150,,0,,8,
07015,2024-10-06 15:00:00,13.3,1002.1,88,11.4,3900,21.6,43.2,160,,0,,8,61
07015,2024-10-06 16:00:00,13.2,1001.7,88,11.3,19000,18,32.4,150,,0,,8,
07015,2024-10-06 17:00:00,13,1001.7,95,12.2,4600,18,28.8,160,,0,,8,10
07015,2024-10-06 18:00:00,13.1,1001.3,98,12.8,3000,14.4,25.2,160,,0,,8,10
07015,2024-10-06 19:00:00,13.5,1001,98,13.2,15000,14.4,25.2,160,,0,,8,
07015,2024-10-06 20:00:00,13.9,1000.3,97,13.4,14000,18,32.4,150,,0,,8,
07015,2024-10-06 21:00:00,14.4,1000,98,14.1,14000,18,28.8,160,0.2,0.2,,8,
07015,2024-10-06 22:00:00,15.1,1000,98,14.8,14000,18,28.8,170,,0,,8,
07015,2024-10-06 23:00:00,15.8,999.4,95,15,30000,25.2,36,180,,0.2,,7,
07015,2024-10-07 00:00:00,15.3,999.5,94,14.3,35000,21.6,36,190,0.2,0,,,
07015,2024-10-07 01:00:00,14.9,1000.4,94,13.9,35000,18,32.4,210,,0,,6,
07015,2024-10-07 02:00:00,14.8,1001,86,12.5,45000,18,36,230,,0,,7,
07015,2024-10-07 03:00:00,14,1001.2,87,11.9,40000,14.4,32.4,220,0,0,,7,
07015,2024-10-07 04:00:00,12.9,1001.8,92,11.6,35000,14.4,25.2,210,,0,,6,
07015,2024-10-07 05:00:00,12.3,1001.8,92,11,35000,14.4,25.2,200,,0,,,
07015,2024-10-07 06:00:00,11.8,1002,94,10.9,35000,14.4,18,200,0,0,,,
07015,2024-10-07 07:00:00,12.7,1002.2,93,11.6,27000,7.2,21.6,170,,0,,,
07015,2024-10-07 08:00:00,14.2,1002.9,90,12.6,19000,14.4,21.6,190,,0,,,
07015,2024-10-07 09:00:00,15.7,1003.5,81,12.4,19000,18,32.4,200,0,0,,,
07015,2024-10-07 10:00:00,16.8,1003,75,12.3,21000,21.6,32.4,180,,0,,,
07015,2024-10-07 11:00:00,17.6,1003.3,71,12.3,19000,18,32.4,170,,0,,,
00052,2024-10-05 00:00:00,6.4,1019.1,95,5.6,,0,,134,,0,,,
00052,2024-10-05 00:10:00,6.3,1019.1,95,5.6,,0,,134,,,,,
00052,2024-10-05 00:20:00,6.3,1019,96,5.6,,0,,134,,,,,
00052,2024-10-05 00:30:00,6.4,1019,96,6.1,,0,,134,,,,,
00052,2024-10-05 00:40:00,6.3,1019,95,5.6,,0,,134,,,,,
00052,2024-10-05 00:50:00,6.2,1018.9,95,5.6,,0,,134,,,,,
00052,2024-10-05 01:00:00,6.1,1018.9,95,5.6,,0,,134,,0,,,
00052,2024-10-05 01:10:00,5.8,1018.8,95,5,,0,,134,,,,,
00052,2024-10-05 01:20:00,5.4,1018.8,95,5,,0,,134,,,,,
00052,2024-10-05 01:30:00,5.2,1018.7,95,4.4,,0,,134,,,,,
00052,2024-10-05 01:40:00,5,1018.7,95,4.4,,0,,134,,,,,
00052,2024-10-05 01:50:00,4.9,1018.7,95,4.4,,0,,134,,,,,
00052,2024-10-05 02:00:00,4.8,1018.6,96,4.4,,0,,134,,0,,,
00052,2024-10-05 02:10:00,4.8,1018.6,96,4.4,,0,,134,,,,,
00052,2024-10-05 02:20:00,4.8,1018.5,96,4.4,,0,,134,,,,,
00052,2024-10-05 02:30:00,4.9,1018.5,96,4.4,,0,,134,,,,,
00052,2024-10-05 02:40:00,4.8,1018.5,96,4.4,,0,,134,,,,,
00052,2024-10-05 02:50:00,4.7,1018.5,96,3.9,,0,,134,,,,,
00052,2024-10-05 03:00:00,4.6,1018.5,96,3.9,,0,,134,,0,,,
00052,2024-10-05 03:10:00,4.4,1018.4,96,3.9,,0,,134,,,,,
00052,2024-10-05 03:20:00,4.3,1018.4,96,3.9,,0,,134,,,,,
00052,2024-10-05 03:30:00,4.1,1018.3,96,3.3,,0,,134,,,,,
00052,2024-10-05 03:40:00,4.1,1018.3,96,3.3,,0,,134,,,,,
00052,2024-10-05 03:50:00,3.9,1018.3,96,3.3,,0,,134,,,,,
00052,2024-10-05 04:00:00,3.9,1018.2,96,3.3,,0,,134,,0,,,
00052,2024-10-05 04:10:00,4.1,1018.2,97,3.9,,0,,134,,,,,
00052,2024-10-05 04:20:00,4.1,1018.1,97,3.9,,0,,134,,,,,
00052,2024-10-05 04:30:00,3.9,1018.2,96,3.3,,0,,134,,,,,
00052,2024-10-05 04:40:00,3.8,1018.2,96,3.3,,0,,134,,,,,
00052,2024-10-05 04:50:00,3.7,1018.1,96,3.3,,0,,134,,,,,
00052,2024-10-05 05:00:00,3.7,1018.1,97,3.3,,0,,134,,0,,,
00052,2024-10-05 05:10:00,3.8,1018.1,97,3.3,,0,,134,,,,,
00052,2024-10-05 05:20:00,3.8,1018.1,97,3.3,,0,,134,,,,,
00052,2024-10-05 05:30:00,3.6,1018,96,3.3,,0,,134,,,,,
00052,2024-10-05 05:40:00,3.4,1017.9,96,2.8,,0,,134,,,,,
00052,2024-10-05 05:50:00,3.5,1017.8,97,3.3,,0,,134,,,,,
00052,2024-10-05 06:00:00,3.5,1017.9,97,3.3,,0,,134,,0,,,
00052,2024-10-05 06:10:00,3.4,1017.8,97,3.3,,0,,134,,,,,
00052,2024-10-05 06:20:00,3.6,1017.8,97,3.3,,0,,134,,,,,
00052,2024-10-05 06:30:00,3.6,1017.8,97,3.3,,0,,134,,,,,
00052,2024-10-05 06:40:00,3.7,1017.8,97,3.3,,0,,134,,,,,
00052,2024-10-05 06:50:00,3.8,1017.7,97,3.3,,0,,134,,,,,
00052,2024-10-05 07:00:00,4.1,1017.8,97,3.9,,0,,134,,0,,,
00052,2024-10-05 07:10:00,4.4,1017.7,97,3.9,,0,,134,,,,,
00052,2024-10-05 07:20:00,5.7,1017.8,98,5.6,,0,,134,,,,,
00052,2024-10-05 07:30:00,6.5,1017.9,98,6.1,,0,,234,,,,,
00052,2024-10-05 07:40:00,7.2,1017.8,98,6.7,,0,,234,,,,,
00052,2024-10-05 07:50:00,8.1,1017.8,98,7.8,,0,,234,,,,,
00052,2024-10-05 08:00:00,8.9,1017.8,97,8.3,,0,,234,,0,,,
00052,2024-10-05 08:10:00,9.2,1017.7,93,8.3,,0,,227,,,,,
00052,2024-10-05 08:20:00,10.3,1017.9,90,8.9,,0,,227,,,,,
00052,2024-10-05 08:30:00,10.7,1017.8,86,8.3,,0,,225,,,,,
00052,2024-10-05 08:40:00,10.9,1017.9,85,8.3,,0,,223,,,,,
00052,2024-10-05 08:50:00,11.3,1017.8,85,8.9,,0,,224,,,,,
00052,2024-10-05 09:00:00,11.9,1017.9,83,8.9,,0,,226,,0,,,
00052,2024-10-05 09:10:00,12.1,1017.8,82,8.9,,0,,223,,,,,
00052,2024-10-05 09:20:00,12.3,1017.8,81,9.4,,0,,239,,,,,
00052,2024-10-05 09:30:00,12.7,1017.6,81,9.4,,0,,246,,,,,
00052,2024-10-05 09:40:00,13,1017.5,80,9.4,,1.6,,240,,,,,
00052,2024-10-05 09:50:00,13.4,1017.4,78,9.4,,0,,232,,,,,
00052,2024-10-05 10:00:00,13.5,1017.3,78,10,,1.6,,232,,0,,,
00052,2024-10-05 10:10:00,14,1017.2,76,10,,0,,234,,,,,
00052,2024-10-05 10:20:00,13.9,1017.1,76,10,,1.6,,234,,,,,
00052,2024-10-05 10:30:00,14.3,1017,76,10,,1.6,,245,,,,,
00052,2024-10-05 10:40:00,14.7,1016.9,75,10.6,,1.6,,65,,,,,
00052,2024-10-05 10:50:00,15.1,1016.8,73,10,,0,,274,,,,,
00052,2024-10-05 11:00:00,15.3,1016.6,71,10,,1.6,,57,,0,,,
00052,2024-10-05 11:10:00,15.3,1016.5,70,10,,1.6,,258,,,,,
00052,2024-10-05 11:20:00,15.7,1016.3,70,10,,1.6,,258,,,,,
00052,2024-10-05 11:30:00,16.1,1016.1,68,10,,1.6,,259,,,,,
00052,2024-10-05 11:40:00,16.2,1015.9,65,9.4,,3.2,,48,,,,,
00052,2024-10-05 11:50:00,16.5,1015.8,65,10,,1.6,,118,,,,,
00052,2024-10-05 12:00:00,16.5,1015.6,62,8.9,,1.6,,269,,0,,,
00052,2024-10-05 12:10:00,16.7,1015.4,62,9.4,,1.6,,225,,,,,
00052,2024-10-05 12:20:00,16.7,1015.3,61,8.9,,3.2,,257,,,,,
00052,2024-10-05 12:30:00,16.7,1015.1,61,8.9,,1.6,,274,,,,,
00052,2024-10-05 12:40:00,16.8,1014.9,61,8.9,,1.6,,247,,,,,
00052,2024-10-05 12:50:00,16.9,1014.8,60,8.9,,3.2,,45,,,,,
00052,2024-10-05 13:00:00,17,1014.6,60,8.9,,3.2,,313,,0,,,
00052,2024-10-05 13:10:00,16.8,1014.5,60,8.9,,1.6,,271,,,,,
00052,2024-10-05 13:20:00,16.8,1014.4,59,8.3,,1.6,,270,,,,,
00052,2024-10-05 13:30:00,17.2,1014.5,60,9.4,,1.6,,215,,,,,
00052,2024-10-05 13:40:00,17.1,1014.4,59,8.9,,1.6,,54,,,,,
00052,2024-10-05 13:50:00,16.9,1014.2,58,8.3,,1.6,,269,,,,,
00052,2024-10-05 14:00:00,17,1014.2,59,8.9,,1.6,,286,,0,,,
00052,2024-10-05 14:10:00,16.7,1014,60,8.9,,1.6,,76,,,,,
00052,2024-10-05 14:20:00,16.5,1013.9,60,8.3,,1.6,,279,,,,,
00052,2024-10-05 14:30:00,16.3,1013.9,57,7.8,,1.6,,55,,,,,
00052,2024-10-05 14:40:00,16.2,1013.7,58,7.8,,1.6,,243,,,,,
00052,2024-10-05 14:50:00,16.2,1013.5,60,8.3,,1.6,,76,,,,,
00052,2024-10-05 15:00:00,16.4,1013.5,59,8.3,,0,,87,,0,,,
00052,2024-10-05 15:10:00,16.3,1013.4,60,8.3,,1.6,,59,,,,,
00052,2024-10-05 15:20:00,16.1,1013.4,61,8.3,,1.6,,53,,,,,
00052,2024-10-05 15:30:00,15.9,1013.2,62,8.3,,0,,38,,,,,
00052,2024-10-05 15:40:00,15.7,1013,62,8.3,,1.6,,267,,,,,
00052,2024-10-05 15:50:00,15.7,1012.8,62,8.3,,1.6,,59,,,,,
00052,2024-10-05 16:00:00,15.8,1012.7,63,8.9,,1.6,,79,,0,,,
00052,2024-10-05 16:10:00,15.9,1012.5,62,8.3,,1.6,,46,,,,,
00052,2024-10-05 16:20:00,15.5,1012.5,63,8.3,,1.6,,32,,,,,
00052,2024-10-05 16:30:00,15,1012.4,65,8.3,,0,,60,,,,,
00052,2024-10-05 16:40:00,14.6,1012.1,66,8.3,,0,,73,,,,,
00052,2024-10-05 16:50:00,14.3,1012.1,67,8.3,,0,,268,,,,,
00052,2024-10-05 17:00:00,13.8,1012,69,8.3,,0,,263,,0,,,
00052,2024-10-05 17:10:00,13.6,1011.9,70,8.3,,0,,265,,,,,
00052,2024-10-05 17:20:00,13.3,1011.9,71,8.3,,0,,265,,,,,
00052,2024-10-05 17:30:00,13.1,1012,72,8.3,,0,,86,,,,,
00052,2024-10-05 17:40:00,12.9,1012,73,8.3,,0,,65,,,,,
00052,2024-10-05 17:50:00,12.6,1011.9,74,7.8,,0,,66,,,,,
00052,2024-10-05 18:00:00,12.2,1011.8,76,8.3,,0,,66,,0,,,
00052,2024-10-05 18:10:00,11.8,1011.8,77,7.8,,0,,66,,,,,
00052,2024-10-05 18:20:00,11.7,1011.8,78,7.8,,0,,67,,,,,
00052,2024-10-05 18:30:00,11.7,1011.7,78,7.8,,0,,72,,,,,
00052,2024-10-05 18:40:00,11.6,1011.5,78,7.8,,0,,106,,,,,
00052,2024-10-05 18:50:00,11.3,1011.6,79,7.8,,0,,83,,,,,
00052,2024-10-05 19:00:00,11.3,1011.4,79,7.8,,0,,74,,0,,,
00052,2024-10-05 19:10:00,11.2,1011.3,79,7.8,,0,,127,,,,,
00052,2024-10-05 19:20:00,11.1,1011.2,80,7.8,,0,,123,,,,,
00052,2024-10-05 19:30:00,10.9,1011.2,81,7.8,,0,,104,,,,,
00052,2024-10-05 19:40:00,10.8,1011.1,81,7.8,,0,,98,,,,,
00052,2024-10-05 19:50:00,10.6,1011.1,81,7.2,,0,,98,,,,,
00052,2024-10-05 20:00:00,10.4,1011.1,82,7.8,,0,,98,,0,,,
00052,2024-10-05 20:10:00,10.4,1010.9,82,7.2,,0,,98,,,,,
00052,2024-10-05 20:20:00,10.3,1010.7,82,7.2,,0,,98,,,,,
00052,2024-10-05 20:30:00,10.2,1010.8,82,7.2,,0,,117,,,,,
00052,2024-10-05 20:40:00,10.1,1010.7,83,7.2,,0,,116,,,,,
00052,2024-10-05 20:50:00,9.9,1010.6,83,7.2,,0,,116,,,,,
00052,2024-10-05 21:00:00,9.7,1010.6,84,7.2,,0,,115,,0,,,
00052,2024-10-05 21:10:00,9.4,1010.6,84,6.7,,0,,115,,,,,
00052,2024-10-05 21:20:00,9.2,1010.6,85,6.7,,0,,116,,,,,
00052,2024-10-05 21:30:00,8.9,1010.5,86,6.7,,0,,116,,,,,
00052,2024-10-05 21:40:00,8.7,1010.6,86,6.7,,0,,115,,,,,
00052,2024-10-05 21:50:00,8.3,1010.5,87,6.1,,0,,115,,,,,
00052,2024-10-05 22:00:00,8.1,1010.4,88,6.1,,0,,115,,0,,,
00052,2024-10-05 22:10:00,7.8,1010.3,88,6.1,,0,,116,,,,,
00052,2024-10-05 22:20:00,7.9,1010.1,90,6.7,,0,,116,,,,,
00052,2024-10-05 22:30:00,7.9,1009.9,90,6.7,,0,,115,,,,,
00052,2024-10-05 22:40:00,8,1009.8,90,6.7,,0,,115,,,,,
00052,2024-10-05 22:50:00,8.4,1009.7,88,6.7,,0,,109,,,,,
00052,2024-10-05 23:00:00,8.5,1009.7,87,6.7,,0,,111,,0,,,
00052,2024-10-05 23:10:00,8.4,1009.6,87,6.7,,0,,107,,,,,
00052,2024-10-05 23:20:00,8.4,1009.5,87,6.7,,0,,107,,,,,
00052,2024-10-05 23:30:00,8.5,1009.4,87,6.7,,0,,167,,,,,
00052,2024-10-05 23:40:00,8.6,1009.3,86,6.7,,0,,150,,,,,
00052,2024-10-05 23:50:00,8.7,1009,86,6.7,,0,,137,,,,,
00052,2024-10-06 00:00:00,8.9,1009,85,6.7,,0,,143,,0,,,
00052,2024-10-06 00:10:00,8.9,1008.8,85,6.7,,0,,169,,,,,
00052,2024-10-06 00:20:00,8.9,1008.6,85,6.7,,0,,145,,,,,
00052,2024-10-06 00:30:00,8.8,1008.7,85,6.7,,0,,142,,,,,
00052,2024-10-06 00:40:00,8.8,1008.6,85,6.7,,0,,142,,,,,
00052,2024-10-06 00:50:00,8.6,1008.4,86,6.7,,0,,134,,,,,
00052,2024-10-06 01:00:00,8.6,1008.1,86,6.1,,0,,190,,0,,,
00052,2024-10-06 01:10:00,8.7,1007.9,86,6.7,,0,,121,,,,,
00052,2024-10-06 01:20:00,8.8,1007.8,85,6.7,,0,,162,,,,,
00052,2024-10-06 01:30:00,8.7,1007.6,85,6.1,,0,,130,,,,,
00052,2024-10-06 01:40:00,8.7,1007.3,86,6.7,,0,,118,,,,,
00052,2024-10-06 01:50:00,8.7,1007.1,86,6.7,,0,,132,,,,,
00052,2024-10-06 02:00:00,8.8,1007.1,85,6.7,,0,,135,,0,,,
00052,2024-10-06 02:10:00,8.8,1007,85,6.7,,0,,133,,,,,
00052,2024-10-06 02:20:00,8.9,1006.7,85,6.7,,0,,194,,,,,
00052,2024-10-06 02:30:00,8.9,1006.7,85,6.7,,0,,115,,,,,
00052,2024-10-06 02:40:00,9.1,1006.6,85,6.7,,1.6,,100,,,,,
00052,2024-10-06 02:50:00,9.2,1006.6,85,6.7,,1.6,,107,,,,,
00052,2024-10-06 03:00:00,9.3,1006.5,85,7.2,,1.6,,87,,0,,,
00052,2024-10-06 03:10:00,9.4,1006.2,84,6.7,,1.6,,111,,,,,
00052,2024-10-06 03:20:00,9.5,1006.2,84,7.2,,3.2,,229,,,,,
00052,2024-10-06 03:30:00,9.4,1006,84,6.7,,1.6,,95,,,,,
00052,2024-10-06 03:40:00,9.3,1006,84,6.7,,1.6,,183,,,,,
00052,2024-10-06 03:50:00,9.3,1005.8,85,6.7,,1.6,,99,,,,,
00052,2024-10-06 04:00:00,9.3,1005.7,85,7.2,,1.6,,231,,0,,,
00052,2024-10-06 04:10:00,9.3,1005.6,85,6.7,,1.6,,234,,,,,
00052,2024-10-06 04:20:00,9.4,1005.5,85,7.2,,1.6,,246,,,,,
00052,2024-10-06 04:30:00,9.4,1005.5,85,7.2,,1.6,,265,,,,,
00052,2024-10-06 04:40:00,9.4,1005.3,85,7.2,,1.6,,63,,,,,
00052,2024-10-06 04:50:00,9.4,1005.2,85,7.2,,1.6,,97,,,,,
00052,2024-10-06 05:00:00,9.5,1005.2,85,7.2,,1.6,,38,,0,,,
00052,2024-10-06 05:10:00,9.5,1005.1,85,7.2,,1.6,,232,,,,,
00052,2024-10-06 05:20:00,9.5,1005.1,85,7.2,,1.6,,94,,,,,
00052,2024-10-06 05:30:00,9.5,1005.1,85,7.2,,1.6,,97,,,,,
00052,2024-10-06 05:40:00,9.5,1005.2,85,7.2,,0,,94,,,,,
00052,2024-10-06 05:50:00,9.6,1005.1,85,7.2,,1.6,,65,,,,,
00052,2024-10-06 06:00:00,9.6,1004.9,85,7.2,,1.6,,62,,0,,,
00052,2024-10-06 06:10:00,9.6,1004.9,85,7.2,,1.6,,103,,,,,
00052,2024-10-06 06:20:00,9.6,1004.9,85,7.2,,1.6,,244,,,,,
00052,2024-10-06 06:30:00,9.7,1004.7,84,7.2,,1.6,,100,,,,,
00052,2024-10-06 06:40:00,9.7,1004.8,84,7.2,,1.6,,251,,,,,
00052,2024-10-06 06:50:00,9.8,1004.6,84,7.2,,1.6,,194,,,,,
00052,2024-10-06 07:00:00,9.9,1004.5,83,7.2,,1.6,,91,,0,,,
00052,2024-10-06 07:10:00,10,1004.5,83,7.2,,1.6,,252,,,,,
00052,2024-10-06 07:20:00,10,1004.4,83,7.2,,1.6,,136,,,,,
00052,2024-10-06 07:30:00,10.1,1004.5,83,7.2,,1.6,,96,,,,,
00052,2024-10-06 07:40:00,10.2,1004.4,82,7.2,,3.2,,63,,,,,
00052,2024-10-06 07:50:00,10.4,1004.4,82,7.8,,3.2,,86,,,,,
00052,2024-10-06 08:00:00,10.9,1004,81,7.8,,3.2,,92,,0,,,
00052,2024-10-06 08:10:00,11.1,1004,80,7.8,,3.2,,88,,,,,
00052,2024-10-06 08:20:00,11.2,1003.7,80,7.8,,3.2,,98,,,,,
00052,2024-10-06 08:30:00,11.6,1003.6,79,8.3,,3.2,,55,,,,,
00052,2024-10-06 08:40:00,12.1,1003.4,78,8.3,,3.2,,118,,,,,
00052,2024-10-06 08:50:00,12.4,1003.5,77,8.3,,3.2,,85,,,,,
00052,2024-10-06 09:00:00,12.6,1003.4,76,8.3,,3.2,,69,,0,,,
00052,2024-10-06 09:10:00,12.6,1003.2,76,8.3,,4.8,,285,,,,,
00052,2024-10-06 09:20:00,12.8,1003.2,76,8.9,,4.8,,31,,,,,
00052,2024-10-06 09:30:00,13.3,1003.2,76,8.9,,1.6,,246,,,,,
00052,2024-10-06 09:40:00,13.4,1003.2,75,8.9,,3.2,,94,,,,,
00052,2024-10-06 09:50:00,13.6,1003,75,9.4,,3.2,,32,,,,,
00052,2024-10-06 10:00:00,13.7,1002.9,75,9.4,,4.8,,269,,0,,,
00052,2024-10-06 10:10:00,14,1002.6,74,9.4,,4.8,,258,,,,,
00052,2024-10-06 10:20:00,14.3,1002.6,73,9.4,,3.2,,249,,,,,
00052,2024-10-06 10:30:00,14.4,1002.4,73,9.4,,4.8,,240,,,,,
00052,2024-10-06 10:40:00,14.7,1002.3,73,10,,4.8,,275,,,,,
00052,2024-10-06 10:50:00,15.1,1002.2,71,10,,3.2,,268,,,,,
00052,2024-10-06 11:00:00,14.9,1002,71,9.4,,4.8,,272,,0,,,
00052,2024-10-06 11:10:00,15.1,1001.9,72,10,,4.8,,192,,,,,
00052,2024-10-06 11:20:00,15.7,1001.7,70,10,,3.2,,57,,,,,
00052,2024-10-06 11:30:00,15.3,1001.6,71,10,,4.8,,252,,,,,
00052,2024-10-06 11:40:00,15.2,1001.4,72,10,,3.2,,74,,,,,
00052,2024-10-06 11:50:00,15.8,1001.4,71,10.6,,4.8,,215,,,,,
00052,2024-10-06 12:00:00,15.2,1001.2,72,10,,4.8,,240,,0,,,
00052,2024-10-06 12:10:00,14.8,1001.1,73,10,,4.8,,67,,,,,
00052,2024-10-06 12:20:00,15,1001.1,73,10,,4.8,,242,,,,,
00052,2024-10-06 12:30:00,15.3,1000.8,72,10.6,,4.8,,208,,,,,
00052,2024-10-06 12:40:00,15.4,1000.8,71,10,,4.8,,104,,,,,
00052,2024-10-06 12:50:00,15.4,1000.6,72,10.6,,3.2,,242,,,,,
00052,2024-10-06 13:00:00,15.3,1000.4,71,10,,3.2,,304,,0,,,
00052,2024-10-06 13:10:00,15.2,1000.4,71,10,,4.8,,20,,,,,
00052,2024-10-06 13:20:00,15.4,1000.4,72,10.6,,4.8,,295,,,,,
00052,2024-10-06 13:30:00,15.7,1000.1,72,10.6,,4.8,,273,,,,,
00052,2024-10-06 13:40:00,15.6,1000.2,73,10.6,,4.8,,281,,,,,
00052,2024-10-06 13:50:00,15.4,1000.2,74,10.6,,4.8,,157,,,,,
00052,2024-10-06 14:00:00,15.2,1000.1,76,11.1,,4.8,,49,,0,,,
00052,2024-10-06 14:10:00,15,1000,76,10.6,,4.8,,279,,,,,
00052,2024-10-06 14:20:00,14.8,1000.2,78,11.1,,4.8,,77,,,,,
00052,2024-10-06 14:30:00,14.7,1000.2,79,11.1,,4.8,,216,,,,,
00052,2024-10-06 14:40:00,14.4,1000.2,79,11.1,,3.2,,287,,,,,
00052,2024-10-06 14:50:00,14.3,1000.2,80,11.1,,3.2,,279,,,,,
00052,2024-10-06 15:00:00,14.2,1000.2,80,11.1,,3.2,,239,,0,,,
00052,2024-10-06 15:10:00,14.1,1000.2,82,11.1,,3.2,,51,,,,,
00052,2024-10-06 15:20:00,13.9,1000,83,11.1,,3.2,,286,,,,,
00052,2024-10-06 15:30:00,13.8,999.9,84,11.1,,3.2,,246,,,,,
00052,2024-10-06 15:40:00,13.7,999.9,85,11.1,,3.2,,254,,,,,
00052,2024-10-06 15:50:00,13.6,999.8,85,11.1,,3.2,,228,,,,,
00052,2024-10-06 16:00:00,13.6,999.8,86,11.1,,1.6,,228,,0,,,
00052,2024-10-06 16:10:00,13.6,999.7,86,11.1,,1.6,,222,,,,,
00052,2024-10-06 16:20:00,13.4,999.6,88,11.7,,4.8,,237,,,,,
00052,2024-10-06 16:30:00,13.2,999.6,90,11.7,,3.2,,100,,,,,
00052,2024-10-06 16:40:00,13.1,999.6,91,11.7,,1.6,,257,,,,,
00052,2024-10-06 16:50:00,13.1,999.6,92,11.7,,1.6,,262,,,,,
00052,2024-10-06 17:00:00,13.1,999.6,92,11.7,,3.2,,263,,0,,,
00052,2024-10-06 17:10:00,13.1,999.4,93,12.2,,3.2,,232,,,,,
00052,2024-10-06 17:20:00,13.1,999.3,94,12.2,,1.6,,208,,,,,
00052,2024-10-06 17:30:00,13.1,999.5,94,12.2,,1.6,,267,,,,,
00052,2024-10-06 17:40:00,13.1,999.4,94,12.2,,1.6,,70,,,,,
00052,2024-10-06 17:50:00,13.1,999.3,95,12.2,,3.2,,273,,,,,
00052,2024-10-06 18:00:00,13.2,999.2,95,12.2,,1.6,,247,,0,,,
00052,2024-10-06 18:10:00,13.3,999.2,95,12.8,,1.6,,280,,,,,
00052,2024-10-06 18:20:00,13.3,999.1,95,12.8,,1.6,,80,,,,,
00052,2024-10-06 18:30:00,13.3,999,95,12.8,,1.6,,245,,,,,
00052,2024-10-06 18:40:00,13.3,999.1,95,12.8,,1.6,,258,,,,,
00052,2024-10-06 18:50:00,13.4,999,95,12.8,,1.6,,207,,,,,
00052,2024-10-06 19:00:00,13.5,998.9,95,12.8,,1.6,,250,,0,,,
00052,2024-10-06 19:10:00,13.6,998.7,95,12.8,,3.2,,249,,,,,
00052,2024-10-06 19:20:00,13.7,998.5,95,12.8,,1.6,,250,,,,,
00052,2024-10-06 19:30:00,13.8,998.5,95,12.8,,3.2,,248,,,,,
00052,2024-10-06 19:40:00,13.9,998.4,95,13.3,,1.6,,275,,,,,
00052,2024-10-06 19:50:00,13.9,998.4,95,13.3,,1.6,,241,,,,,
00052,2024-10-06 20:00:00,14,998.3,95,13.3,,1.6,,110,,0,,,
00052,2024-10-06 20:10:00,14.1,998.3,95,13.3,,3.2,,269,,,,,
00052,2024-10-06 20:20:00,14.2,998.2,95,13.3,,3.2,,228,,,,,
00052,2024-10-06 20:30:00,14.3,998.1,96,13.9,,1.6,,283,,,,,
00052,2024-10-06 20:40:00,14.3,998.1,96,13.9,,3.2,,53,,,,,
00052,2024-10-06 20:50:00,14.4,998.1,96,13.9,,3.2,,53,,,,,
00052,2024-10-06 21:00:00,14.4,998,96,13.9,,1.6,,219,0.5,0.5,,,
00052,2024-10-06 21:10:00,14.6,997.9,96,13.9,,3.2,,245,,,,,
00052,2024-10-06 21:20:00,14.7,997.7,96,13.9,,3.2,,249,,,,,
00052,2024-10-06 21:30:00,14.6,997.9,96,13.9,,1.6,,239,,,,,
00052,2024-10-06 21:40:00,14.7,997.7,96,13.9,,1.6,,254,,,,,
00052,2024-10-06 21:50:00,14.7,997.7,96,13.9,,1.6,,242,,,,,
00052,2024-10-06 22:00:00,14.7,997.7,96,13.9,,1.6,,248,0.5,0,,,
00052,2024-10-06 22:10:00,14.8,997.8,96,14.4,,1.6,,256,,,,,
00052,2024-10-06 22:20:00,14.9,997.6,96,14.4,,1.6,,222,,,,,
00052,2024-10-06 22:30:00,15.1,997.5,96,14.4,,1.6,,242,,,,,
00052,2024-10-06 22:40:00,15.2,997.3,96,14.4,,1.6,,231,,,,,
00052,2024-10-06 22:50:00,15.3,997.5,95,14.4,,3.2,,232,,,,,
00052,2024-10-06 23:00:00,15.6,997.4,95,15,,3.2,,254,0.7,0.2,,,
00052,2024-10-06 23:10:00,15.6,997.5,94,14.4,,1.6,,219,,,,,
00052,2024-10-06 23:20:00,15.6,997.5,94,14.4,,1.6,,267,,,,,
00052,2024-10-06 23:30:00,15.6,997.5,94,14.4,,1.6,,157,,,,,
00052,2024-10-06 23:40:00,15.4,997.6,93,14.4,,0,,220,,,,,
00052,2024-10-06 23:50:00,15.4,997.7,93,14.4,,0,,208,,,,,
00052,2024-10-07 00:00:00,15.4,997.9,93,14.4,,1.6,,229,0.2,0,,,
00052,2024-10-07 00:10:00,15.3,998,93,14.4,,0,,214,,,,,
00052,2024-10-07 00:20:00,15.2,998,93,13.9,,0,,225,,,,,
00052,2024-10-07 00:30:00,15.2,998.2,92,13.9,,1.6,,224,,,,,
00052,2024-10-07 00:40:00,14.9,998.2,92,13.9,,1.6,,234,,,,,
00052,2024-10-07 00:50:00,14.8,998.3,91,13.3,,1.6,,190,,,,,
00052,2024-10-07 01:00:00,14.7,998.4,91,13.3,,1.6,,198,0.2,0,,,
00052,2024-10-07 01:10:00,14.6,998.4,91,13.3,,1.6,,221,,,,,
00052,2024-10-07 01:20:00,14.6,998.5,91,13.3,,0,,184,,,,,
00052,2024-10-07 01:30:00,14.5,998.7,91,13.3,,1.6,,238,,,,,
00052,2024-10-07 01:40:00,14.4,999,91,12.8,,1.6,,194,,,,,
00052,2024-10-07 01:50:00,14.4,999.1,91,12.8,,1.6,,244,,,,,
00052,2024-10-07 02:00:00,14.3,999.1,91,12.8,,1.6,,226,,0,,,
00052,2024-10-07 02:10:00,14.1,999.1,92,12.8,,1.6,,246,,,,,
00052,2024-10-07 02:20:00,14.1,999.2,92,12.8,,1.6,,200,,,,,
00052,2024-10-07 02:30:00,13.9,999.3,92,12.8,,1.6,,209,,,,,
00052,2024-10-07 02:40:00,13.8,999.2,92,12.8,,1.6,,229,,,,,
00052,2024-10-07 02:50:00,13.7,999.2,92,12.2,,1.6,,234,,,,,
00052,2024-10-07 03:00:00,13.6,999.3,92,12.2,,0,,234,,0,,,
00052,2024-10-07 03:10:00,13.4,999.3,92,12.2,,1.6,,228,,,,,
00052,2024-10-07 03:20:00,13.2,999.3,92,12.2,,0,,195,,,,,
00052,2024-10-07 03:30:00,13,999.3,92,11.7,,0,,195,,,,,
00052,2024-10-07 03:40:00,12.8,999.4,93,11.7,,0,,196,,,,,
00052,2024-10-07 03:50:00,12.7,999.5,93,11.7,,1.6,,231,,,,,
00052,2024-10-07 04:00:00,12.8,999.8,93,11.7,,1.6,,242,,0,,,
00052,2024-10-07 04:10:00,12.8,999.8,92,11.7,,1.6,,240,,,,,
00052,2024-10-07 04:20:00,12.7,999.7,92,11.7,,1.6,,240,,,,,
00052,2024-10-07 04:30:00,12.6,999.6,92,11.7,,1.6,,267,,,,,
00052,2024-10-07 04:40:00,12.5,999.7,92,11.1,,1.6,,236,,,,,
00052,2024-10-07 04:50:00,12.3,999.8,92,11.1,,1.6,,221,,,,,
00052,2024-10-07 05:00:00,12.2,999.8,93,11.1,,0,,221,,0,,,
00052,2024-10-07 05:10:00,12.1,999.8,93,11.1,,0,,179,,,,,
00052,2024-10-07 05:20:00,11.9,999.8,93,11.1,,0,,198,,,,,
00052,2024-10-07 05:30:00,11.7,1000.1,93,10.6,,0,,197,,,,,
00052,2024-10-07 05:40:00,11.6,1000.2,94,10.6,,0,,197,,,,,
00052,2024-10-07 05:50:00,11.6,1000.1,94,10.6,,0,,210,,,,,
00052,2024-10-07 06:00:00,11.6,1000.1,94,10.6,,0,,225,,0,,,
00052,2024-10-07 06:10:00,11.5,1000.1,94,10.6,,0,,225,,,,,
00052,2024-10-07 06:20:00,11.3,1000.1,94,10.6,,0,,225,,,,,
00052,2024-10-07 06:30:00,11.3,1000.2,95,10.6,,0,,225,,,,,
00052,2024-10-07 06:40:00,11.3,1000.3,95,10.6,,0,,225,,,,,
00052,2024-10-07 06:50:00,11.3,1000.3,95,10.6,,0,,225,,,,,
00052,2024-10-07 07:00:00,11.5,1000.4,95,10.6,,0,,225,,0,,,
00052,2024-10-07 07:10:00,11.7,1000.4,95,11.1,,0,,226,,,,,
00052,2024-10-07 07:20:00,12,1000.5,95,11.1,,0,,215,,,,,
00052,2024-10-07 07:30:00,12.3,1000.6,94,11.7,,1.6,,254,,,,,
00052,2024-10-07 07:40:00,12.9,1000.7,93,11.7,,1.6,,278,,,,,
00052,2024-10-07 07:50:00,13.6,1000.7,91,12.2,,1.6,,246,,,,,
00052,2024-10-07 08:00:00,14.1,1000.9,90,12.8,,3.2,,240,,0,,,
00052,2024-10-07 08:10:00,14.4,1001.1,88,12.2,,1.6,,288,,,,,
00052,2024-10-07 08:20:00,14.6,1001.3,88,12.8,,3.2,,237,,,,,
00052,2024-10-07 08:30:00,15,1001.5,87,12.8,,1.6,,222,,,,,
00052,2024-10-07 08:40:00,15.6,1001.4,86,13.3,,0,,208,,,,,
00052,2024-10-07 08:50:00,15.9,1001.6,86,13.9,,1.6,,219,,,,,
00052,2024-10-07 09:00:00,16,1001.6,86,13.9,,1.6,,200,,0,,,
00052,2024-10-07 09:10:00,16.2,1001.3,81,12.8,,1.6,,232,,,,,
00052,2024-10-07 09:20:00,16.4,1001.2,81,13.3,,1.6,,223,,,,,
00052,2024-10-07 09:30:00,16.4,1001.1,80,12.8,,1.6,,211,,,,,
00052,2024-10-07 09:40:00,16.4,1001.2,81,13.3,,1.6,,150,,,,,
00052,2024-10-07 09:50:00,16.7,1001.3,80,13.3,,1.6,,230,,,,,
00052,2024-10-07 10:00:00,16.9,1001.2,79,13.3,,3.2,,286,,0,,,
00052,2024-10-07 10:10:00,17.2,1001.1,77,13.3,,3.2,,279,,,,,
00052,2024-10-07 10:20:00,17.1,1001.1,78,13.3,,3.2,,242,,,,,
00052,2024-10-07 10:30:00,17.4,1001.4,77,13.3,,3.2,,211,,,,,
00052,2024-10-07 10:40:00,17.6,1001.4,76,13.3,,1.6,,238,,,,,
00052,2024-10-07 10:50:00,17.7,1001.5,75,13.3,,3.2,,251,,,,,
00052,2024-10-07 11:00:00,17.9,1001.4,74,13.3,,3.2,,244,,0,,,
00052,2024-10-07 11:10:00,18,1001.2,72,12.8,,4.8,,299,,,,,
00052,2024-10-07 11:20:00,18.3,1001.2,71,12.8,,3.2,,270,,,,,
00052,2024-10-07 11:30:00,18.2,1001.2,71,12.8,,4.8,,242,,,,,
00052,2024-10-07 11:40:00,18.2,1001.2,67,12.2,,4.8,,238,,,,,
00052,2024-10-07 11:50:00,18.1,1001,68,12.2,,3.2,,245,,,,,
00052,2024-10-07 12:00:00,18.4,1000.9,68,12.2,,3.2,,74,,0,,,
000R5,2024-10-05 00:00:00,8.4,1019.3,86,6.2,,1.4,,113,0,0,,,
000R5,2024-10-05 00:10:00,8.6,1019.4,86,6.3,,1.6,,113,,,,,
000R5,2024-10-05 00:20:00,8.6,1019.3,85,6.2,,0.8,,113,,,,,
000R5,2024-10-05 00:30:00,8.5,1019.3,86,6.3,,0.3,,113,,,,,
000R5,2024-10-05 00:40:00,8.4,1019.3,86,6.2,,2.1,,113,,,,,
000R5,2024-10-05 00:50:00,8.3,1019.3,86,6.1,,0.3,,113,,,,,
000R5,2024-10-05 01:00:00,8.1,1019.4,86,5.9,,0.2,,113,0,0,,,
000R5,2024-10-05 01:10:00,8,1019.4,87,6,,0,,,,,,,
000R5,2024-10-05 01:20:00,7.8,1019.4,87,5.8,,1.1,,113,,,,,
000R5,2024-10-05 01:30:00,7.7,1019.2,87,5.7,,0,,,,,,,
000R5,2024-10-05 01:40:00,7.6,1019.4,87,5.6,,0.6,,113,,,,,
000R5,2024-10-05 01:50:00,7.6,1019.3,88,5.7,,0.2,,113,,,,,
000R5,2024-10-05 02:00:00,7.4,1019.1,88,5.6,,0.2,,113,0,0,,,
000R5,2024-10-05 02:10:00,7.3,1019.1,88,5.4,,0,,,,,,,
000R5,2024-10-05 02:20:00,7.1,1019.1,88,5.3,,0,,,,,,,
000R5,2024-10-05 02:30:00,7.1,1019.1,88,5.2,,0,,,,,,,
000R5,2024-10-05 02:40:00,7,1019,89,5.3,,0,,,,,,,
000R5,2024-10-05 02:50:00,7,1019.1,89,5.3,,0,,,,,,,
000R5,2024-10-05 03:00:00,7.1,1019.1,89,5.4,,0,,,0,0,,,
000R5,2024-10-05 03:10:00,7.1,1018.9,90,5.5,,0.2,,113,,,,,
000R5,2024-10-05 03:20:00,7.2,1018.8,90,5.6,,0,,,,,,,
000R5,2024-10-05 03:30:00,7.1,1018.7,90,5.6,,0.8,,113,,,,,
000R5,2024-10-05 03:40:00,7.1,1018.6,90,5.5,,0.2,,113,,,,,
000R5,2024-10-05 03:50:00,6.9,1018.6,90,5.4,,1.3,,98,,,,,
000R5,2024-10-05 04:00:00,6.9,1018.4,90,5.4,,0.2,,90,0,0,,,
000R5,2024-10-05 04:10:00,6.9,1018.6,90,5.4,,0.3,,113,,,,,
000R5,2024-10-05 04:20:00,6.9,1018.4,90,5.4,,0.6,,113,,,,,
000R5,2024-10-05 04:30:00,6.8,1018.5,90,5.3,,0.2,,113,,,,,
000R5,2024-10-05 04:40:00,6.7,1018.4,90,5.2,,0,,,,,,,
000R5,2024-10-05 04:50:00,6.6,1018.3,90,5.1,,1.1,,113,,,,,
000R5,2024-10-05 05:00:00,6.5,1018.4,90,5,,1.4,,113,0,0,,,
000R5,2024-10-05 05:10:00,6.7,1018.3,91,5.4,,1.6,,113,,,,,
000R5,2024-10-05 05:20:00,6.8,1018.5,91,5.4,,1.4,,113,,,,,
000R5,2024-10-05 05:30:00,6.7,1018.4,91,5.3,,0.6,,102,,,,,
000R5,2024-10-05 05:40:00,6.7,1018.3,91,5.3,,0.6,,90,,,,,
000R5,2024-10-05 05:50:00,6.6,1018.3,91,5.2,,0.5,,90,,,,,
000R5,2024-10-05 06:00:00,6.3,1018.3,90,4.8,,0,,,0,0,,,
000R5,2024-10-05 06:10:00,6.3,1018.2,91,4.9,,0.3,,90,,,,,
000R5,2024-10-05 06:20:00,6.3,1018.2,91,5,,0.8,,96,,,,,
000R5,2024-10-05 06:30:00,6.5,1018.1,91,5.1,,2.1,,86,,,,,
000R5,2024-10-05 06:40:00,6.7,1018,91,5.3,,1.3,,90,,,,,
000R5,2024-10-05 06:50:00,6.8,1018,92,5.6,,2.3,,92,,,,,
000R5,2024-10-05 07:00:00,6.8,1018,91,5.5,,2.6,,99,0,0,,,
000R5,2024-10-05 07:10:00,6.9,1018.2,91,5.6,,2.1,,101,,,,,
000R5,2024-10-05 07:20:00,7.2,1018.2,91,5.8,,1.1,,120,,,,,
000R5,2024-10-05 07:30:00,7.4,1018.2,91,6,,1.3,,119,,,,,
000R5,2024-10-05 07:40:00,7.7,1018.2,91,6.3,,1.9,,94,,,,,
000R5,2024-10-05 07:50:00,7.9,1018.2,91,6.6,,1.1,,108,,,,,
000R5,2024-10-05 08:00:00,8.2,1018.3,91,6.8,,0.6,,158,0,0,,,
000R5,2024-10-05 08:10:00,8.7,1018.4,91,7.3,,1.3,,148,,,,,
000R5,2024-10-05 08:20:00,9,1018.3,90,7.4,,1.1,,86,,,,,
000R5,2024-10-05 08:30:00,9.3,1018.3,89,7.6,,1.8,,203,,,,,
000R5,2024-10-05 08:40:00,10.1,1018.3,88,8.2,,1.9,,178,,,,,
000R5,2024-10-05 08:50:00,10.7,1018.2,85,8.3,,2.9,,203,,,,,
000R5,2024-10-05 09:00:00,11.3,1018.1,84,8.7,,2.6,,178,0,0,,,
000R5,2024-10-05 09:10:00,11.7,1018,83,8.9,,2.4,,195,,,,,
000R5,2024-10-05 09:20:00,12.6,1017.9,81,9.4,,1.9,,148,,,,,
000R5,2024-10-05 09:30:00,13.1,1017.7,79,9.6,,2.7,,173,,,,,
000R5,2024-10-05 09:40:00,13.5,1017.7,78,9.7,,2.1,,147,,,,,
000R5,2024-10-05 09:50:00,13.7,1017.6,77,9.7,,1.9,,195,,,,,
000R5,2024-10-05 10:00:00,14.2,1017.6,76,10,,2.3,,182,0,0,,,
000R5,2024-10-05 10:10:00,14.9,1017.5,74,10.3,,3.1,,109,,,,,
000R5,2024-10-05 10:20:00,15.2,1017.4,73,10.4,,3.7,,155,,,,,
000R5,2024-10-05 10:30:00,15.5,1017.3,72,10.5,,3.7,,108,,,,,
000R5,2024-10-05 10:40:00,15.8,1017.3,70,10.4,,2.9,,133,,,,,
000R5,2024-10-05 10:50:00,15.7,1017,71,10.4,,3.4,,156,,,,,
000R5,2024-10-05 11:00:00,16.2,1017,69,10.5,,4,,129,0,0,,,
000R5,2024-10-05 11:10:00,16.2,1016.9,70,10.7,,3.4,,149,,,,,
000R5,2024-10-05 11:20:00,16.6,1016.6,67,10.4,,4,,129,,,,,
000R5,2024-10-05 11:30:00,16.9,1016.6,65,10.3,,2.9,,166,,,,,
000R5,2024-10-05 11:40:00,17.1,1016.4,62,9.7,,2.9,,130,,,,,
000R5,2024-10-05 11:50:00,17.2,1016.3,63,10.1,,4.8,,175,,,,,
000R5,2024-10-05 12:00:00,17.2,1016.1,60,9.4,,4.8,,187,0,0,,,
000R5,2024-10-05 12:10:00,16.8,1016,63,9.7,,4.7,,185,,,,,
000R5,2024-10-05 12:20:00,17,1015.8,63,9.9,,3.5,,158,,,,,
000R5,2024-10-05 12:30:00,17.3,1015.5,60,9.5,,5,,163,,,,,
000R5,2024-10-05 12:40:00,17.8,1015.4,63,10.6,,4,,150,,,,,
000R5,2024-10-05 12:50:00,17.5,1015.3,60,9.6,,4.8,,185,,,,,
000R5,2024-10-05 13:00:00,17.2,1015.2,61,9.6,,6,,198,0,0,,,
000R5,2024-10-05 13:10:00,17.4,1015.1,60,9.5,,4.7,,173,,,,,
000R5,2024-10-05 13:20:00,17.3,1015,61,9.7,,4.7,,193,,,,,
000R5,2024-10-05 13:30:00,16.8,1015,62,9.5,,3.1,,170,,,,,
000R5,2024-10-05 13:40:00,16.7,1014.7,63,9.6,,5.6,,178,,,,,
000R5,2024-10-05 13:50:00,16.7,1014.6,63,9.6,,4.2,,200,,,,,
000R5,2024-10-05 14:00:00,16.6,1014.5,63,9.5,,4.3,,139,0,0,,,
000R5,2024-10-05 14:10:00,16.3,1014.4,64,9.5,,2.6,,125,,,,,
000R5,2024-10-05 14:20:00,15.9,1014.3,64,9.1,,1.8,,150,,,,,
000R5,2024-10-05 14:30:00,15.9,1014.2,65,9.3,,2.4,,121,,,,,
000R5,2024-10-05 14:40:00,16.4,1014.1,62,9.1,,3.4,,107,,,,,
000R5,2024-10-05 14:50:00,16.4,1014.1,60,8.7,,3.7,,189,,,,,
000R5,2024-10-05 15:00:00,16.5,1014,59,8.5,,2.9,,142,0,0,,,
000R5,2024-10-05 15:10:00,16.6,1014,60,8.8,,3.9,,133,,,,,
000R5,2024-10-05 15:20:00,16.4,1013.9,60,8.7,,2.6,,112,,,,,
000R5,2024-10-05 15:30:00,16.4,1013.6,60,8.6,,4.8,,99,,,,,
000R5,2024-10-05 15:40:00,16.3,1013.4,60,8.5,,4,,94,,,,,
000R5,2024-10-05 15:50:00,16.1,1013.2,60,8.3,,3.2,,102,,,,,
000R5,2024-10-05 16:00:00,15.8,1013,61,8.3,,3.2,,99,0,0,,,
000R5,2024-10-05 16:10:00,15.8,1013,63,8.7,,3.2,,102,,,,,
000R5,2024-10-05 16:20:00,15.7,1012.9,64,8.9,,3.9,,94,,,,,
000R5,2024-10-05 16:30:00,15.4,1012.6,66,9.1,,4.3,,99,,,,,
000R5,2024-10-05 16:40:00,15.1,1012.5,66,8.8,,4,,99,,,,,
000R5,2024-10-05 16:50:00,14.8,1012.5,67,8.7,,3.1,,97,,,,,
000R5,2024-10-05 17:00:00,14.4,1012.3,69,8.8,,3.4,,106,0,0,,,
000R5,2024-10-05 17:10:00,14.2,1012.4,70,8.8,,2.6,,106,,,,,
000R5,2024-10-05 17:20:00,13.9,1012.2,71,8.7,,2.9,,98,,,,,
000R5,2024-10-05 17:30:00,13.7,1012.1,72,8.7,,3.4,,101,,,,,
000R5,2024-10-05 17:40:00,13.3,1012.2,73,8.6,,2.7,,90,,,,,
000R5,2024-10-05 17:50:00,13,1012.2,73,8.3,,4,,89,,,,,
000R5,2024-10-05 18:00:00,12.8,1012,73,8.1,,3.9,,90,0,0,,,
000R5,2024-10-05 18:10:00,12.5,1012.1,75,8.2,,3.2,,97,,,,,
000R5,2024-10-05 18:20:00,12.3,1012.2,75,8,,3.5,,105,,,,,
000R5,2024-10-05 18:30:00,12.2,1011.9,76,8.1,,4,,99,,,,,
000R5,2024-10-05 18:40:00,11.9,1011.9,77,8,,4.7,,95,,,,,
000R5,2024-10-05 18:50:00,11.8,1011.9,78,8.1,,3.7,,89,,,,,
000R5,2024-10-05 19:00:00,11.6,1011.7,78,7.9,,4.7,,97,0,0,,,
000R5,2024-10-05 19:10:00,11.4,1011.7,78,7.7,,4.5,,97,,,,,
000R5,2024-10-05 19:20:00,11.3,1011.5,78,7.6,,4.5,,83,,,,,
000R5,2024-10-05 19:30:00,11.2,1011.3,78,7.5,,5.5,,90,,,,,
000R5,2024-10-05 19:40:00,11.1,1011.4,79,7.6,,4.7,,89,,,,,
000R5,2024-10-05 19:50:00,11,1011.5,79,7.5,,3.9,,95,,,,,
000R5,2024-10-05 20:00:00,10.8,1011.5,79,7.3,,3.5,,92,0,0,,,
000R5,2024-10-05 20:10:00,10.7,1011.3,79,7.2,,3.7,,100,,,,,
000R5,2024-10-05 20:20:00,10.5,1011.3,80,7.2,,2.7,,86,,,,,
000R5,2024-10-05 20:30:00,10.3,1011.2,80,7,,3.2,,96,,,,,
000R5,2024-10-05 20:40:00,10.2,1011.1,80,6.9,,3.4,,103,,,,,
000R5,2024-10-05 20:50:00,10.1,1011.1,80,6.8,,2.9,,97,,,,,
000R5,2024-10-05 21:00:00,10,1011.1,81,6.9,,2.9,,106,0,0,,,
000R5,2024-10-05 21:10:00,9.9,1011.1,81,6.8,,3.2,,102,,,,,
000R5,2024-10-05 21:20:00,9.7,1011.2,81,6.6,,2.3,,95,,,,,
000R5,2024-10-05 21:30:00,9.6,1011,82,6.7,,2.1,,101,,,,,
000R5,2024-10-05 21:40:00,9.4,1011,82,6.5,,2.7,,88,,,,,
000R5,2024-10-05 21:50:00,9.4,1011,82,6.5,,3.7,,101,,,,,
000R5,2024-10-05 22:00:00,9.3,1010.9,82,6.4,,3.4,,99,0,0,,,
000R5,2024-10-05 22:10:00,9.2,1010.8,82,6.3,,4.2,,88,,,,,
000R5,2024-10-05 22:20:00,9.1,1010.5,83,6.4,,3.9,,93,,,,,
000R5,2024-10-05 22:30:00,9.1,1010.3,83,6.3,,4.2,,94,,,,,
000R5,2024-10-05 22:40:00,9.1,1010.2,83,6.3,,4.2,,88,,,,,
000R5,2024-10-05 22:50:00,8.9,1010.2,83,6.2,,3.9,,90,,,,,
000R5,2024-10-05 23:00:00,8.9,1010.1,83,6.2,,4.5,,84,0,0,,,
000R5,2024-10-05 23:10:00,8.8,1010.2,84,6.3,,3.2,,99,,,,,
000R5,2024-10-05 23:20:00,8.7,1010.1,84,6.2,,3.2,,88,,,,,
000R5,2024-10-05 23:30:00,8.7,1009.7,84,6.2,,5.1,,86,,,,,
000R5,2024-10-05 23:40:00,8.7,1009.6,84,6.1,,5.5,,88,,,,,
000R5,2024-10-05 23:50:00,8.6,1009.5,84,6,,4.7,,94,,,,,
000R5,2024-10-06 00:00:00,8.7,1009.2,84,6.1,,5.1,,82,0,0,,,
000R5,2024-10-06 00:10:00,8.6,1009.1,84,6,,4.3,,86,,,,,
000R5,2024-10-06 00:20:00,8.6,1009,84,6,,4.3,,99,,,,,
000R5,2024-10-06 00:30:00,8.5,1008.8,84,6,,3.5,,74,,,,,
000R5,2024-10-06 00:40:00,8.5,1008.8,85,6.1,,3.4,,79,,,,,
000R5,2024-10-06 00:50:00,8.6,1008.6,85,6.2,,4.8,,90,,,,,
000R5,2024-10-06 01:00:00,8.7,1008.3,84,6.1,,4.3,,95,0,0,,,
000R5,2024-10-06 01:10:00,8.7,1008,84,6.2,,4.8,,97,,,,,
000R5,2024-10-06 01:20:00,8.7,1007.9,84,6.1,,5.8,,90,,,,,
000R5,2024-10-06 01:30:00,8.7,1007.8,84,6.2,,5.5,,90,,,,,
000R5,2024-10-06 01:40:00,8.7,1007.5,84,6.2,,4.8,,90,,,,,
000R5,2024-10-06 01:50:00,8.7,1007.6,84,6.1,,4.2,,82,,,,,
000R5,2024-10-06 02:00:00,8.6,1007.3,85,6.2,,3.9,,94,0,0,,,
000R5,2024-10-06 02:10:00,8.6,1007.1,85,6.2,,3.1,,98,,,,,
000R5,2024-10-06 02:20:00,8.7,1007.1,85,6.3,,4.8,,86,,,,,
000R5,2024-10-06 02:30:00,8.7,1007,85,6.3,,5.5,,97,,,,,
000R5,2024-10-06 02:40:00,8.7,1006.9,84,6.2,,4,,83,,,,,
000R5,2024-10-06 02:50:00,8.8,1006.8,84,6.3,,3.2,,85,,,,,
000R5,2024-10-06 03:00:00,8.9,1006.7,84,6.4,,3.2,,75,0,0,,,
000R5,2024-10-06 03:10:00,9,1006.5,84,6.4,,2.9,,104,,,,,
000R5,2024-10-06 03:20:00,9,1006.5,84,6.4,,1.9,,87,,,,,
000R5,2024-10-06 03:30:00,9.1,1006.3,84,6.5,,2.7,,83,,,,,
000R5,2024-10-06 03:40:00,9.1,1006.2,84,6.6,,3.9,,93,,,,,
000R5,2024-10-06 03:50:00,9.1,1006.2,84,6.6,,4,,99,,,,,
000R5,2024-10-06 04:00:00,9.2,1006.1,84,6.6,,4.3,,110,0,0,,,
000R5,2024-10-06 04:10:00,9.2,1005.9,84,6.6,,4.5,,95,,,,,
000R5,2024-10-06 04:20:00,9.2,1005.9,84,6.7,,4.7,,83,,,,,
000R5,2024-10-06 04:30:00,9.3,1005.8,84,6.7,,5.3,,98,,,,,
000R5,2024-10-06 04:40:00,9.3,1005.9,84,6.7,,4,,104,,,,,
000R5,2024-10-06 04:50:00,9.3,1005.7,84,6.8,,4.3,,101,,,,,
000R5,2024-10-06 05:00:00,9.4,1005.4,84,6.8,,5.3,,84,0,0,,,
000R5,2024-10-06 05:10:00,9.4,1005.4,84,6.8,,4.8,,90,,,,,
000R5,2024-10-06 05:20:00,9.4,1005.5,84,6.8,,5.3,,86,,,,,
000R5,2024-10-06 05:30:00,9.4,1005.3,84,6.9,,6,,92,,,,,
000R5,2024-10-06 05:40:00,9.4,1005.5,84,6.9,,6,,94,,,,,
000R5,2024-10-06 05:50:00,9.4,1005.3,84,6.9,,5.3,,99,,,,,
000R5,2024-10-06 06:00:00,9.4,1005.2,84,6.9,,4.7,,110,0,0,,,
000R5,2024-10-06 06:10:00,9.4,1005,84,6.9,,4.8,,79,,,,,
000R5,2024-10-06 06:20:00,9.4,1005.2,85,7,,4.3,,106,,,,,
000R5,2024-10-06 06:30:00,9.5,1005.2,84,6.9,,4.3,,85,,,,,
000R5,2024-10-06 06:40:00,9.6,1005,84,7,,5.3,,83,,,,,
000R5,2024-10-06 06:50:00,9.6,1004.8,84,7,,4.3,,106,,,,,
000R5,2024-10-06 07:00:00,9.7,1004.8,84,7.1,,6.3,,95,0,0,,,
000R5,2024-10-06 07:10:00,9.8,1004.7,84,7.3,,5.8,,105,,,,,
000R5,2024-10-06 07:20:00,10,1004.7,84,7.4,,5.6,,99,,,,,
000R5,2024-10-06 07:30:00,10.2,1004.5,83,7.5,,6.4,,99,,,,,
000R5,2024-10-06 07:40:00,10.4,1004.5,82,7.4,,6,,88,,,,,
000R5,2024-10-06 07:50:00,10.6,1004.7,82,7.7,,5.6,,101,,,,,
000R5,2024-10-06 08:00:00,10.9,1004.5,81,7.8,,5.3,,99,0,0,,,
000R5,2024-10-06 08:10:00,11.1,1004.2,80,7.8,,5.5,,101,,,,,
000R5,2024-10-06 08:20:00,11.1,1004.1,79,7.6,,5.5,,101,,,,,
000R5,2024-10-06 08:30:00,11.1,1003.8,79,7.6,,7.1,,92,,,,,
000R5,2024-10-06 08:40:00,11.8,1003.7,78,8.1,,6.1,,84,,,,,
000R5,2024-10-06 08:50:00,12.3,1003.8,76,8.2,,7.7,,101,,,,,
000R5,2024-10-06 09:00:00,12.9,1003.6,74,8.4,,7.2,,121,0,0,,,
000R5,2024-10-06 09:10:00,13.1,1003.6,74,8.5,,7.7,,116,,,,,
000R5,2024-10-06 09:20:00,13.2,1003.4,73,8.4,,8.5,,117,,,,,
000R5,2024-10-06 09:30:00,13.4,1003.4,73,8.6,,7.4,,140,,,,,
000R5,2024-10-06 09:40:00,13.7,1003.2,72,8.8,,6.3,,129,,,,,
000R5,2024-10-06 09:50:00,13.9,1003.1,71,8.7,,8.7,,160,,,,,
000R5,2024-10-06 10:00:00,14.2,1003,71,9,,6.9,,143,0,0,,,
000R5,2024-10-06 10:10:00,14.1,1002.9,72,9.1,,7.2,,103,,,,,
000R5,2024-10-06 10:20:00,14.8,1002.7,72,9.8,,7.7,,139,,,,,
000R5,2024-10-06 10:30:00,14.6,1002.3,71,9.4,,7.6,,121,,,,,
000R5,2024-10-06 10:40:00,14.9,1002.4,70,9.5,,7.4,,121,,,,,
000R5,2024-10-06 10:50:00,14.8,1002.2,70,9.4,,7.9,,140,,,,,
000R5,2024-10-06 11:00:00,15.4,1002.1,70,10,,7.6,,148,0,0,,,
000R5,2024-10-06 11:10:00,15.4,1002.1,70,10,,8,,145,,,,,
000R5,2024-10-06 11:20:00,15.8,1001.8,69,10.2,,7.1,,122,,,,,
000R5,2024-10-06 11:30:00,15.9,1001.6,69,10.3,,7.1,,108,,,,,
000R5,2024-10-06 11:40:00,16.2,1001.2,68,10.3,,7.9,,132,,,,,
000R5,2024-10-06 11:50:00,16.2,1001.1,68,10.3,,8.4,,151,,,,,
000R5,2024-10-06 12:00:00,16.4,1001.1,68,10.5,,7.6,,143,0,0,,,
000R5,2024-10-06 12:10:00,16.8,1001,67,10.6,,8.9,,113,,,,,
000R5,2024-10-06 12:20:00,16.5,1000.9,68,10.6,,8.5,,146,,,,,
000R5,2024-10-06 12:30:00,16.8,1000.7,67,10.7,,9.5,,149,,,,,
000R5,2024-10-06 12:40:00,16.4,1000.9,68,10.5,,7.9,,153,,,,,
000R5,2024-10-06 12:50:00,15.4,1000.9,71,10.2,,8.2,,152,,,,,
000R5,2024-10-06 13:00:00,15.3,1000.7,72,10.3,,6.1,,183,0,0,,,
000R5,2024-10-06 13:10:00,15.4,1000.5,72,10.4,,6.9,,136,,,,,
000R5,2024-10-06 13:20:00,15.5,1000.5,71,10.3,,8.5,,173,,,,,
000R5,2024-10-06 13:30:00,15.4,1000.6,72,10.4,,7.1,,178,,,,,
000R5,2024-10-06 13:40:00,15.7,1000.7,72,10.6,,6.1,,142,,,,,
000R5,2024-10-06 13:50:00,15.4,1000.5,72,10.4,,7.4,,183,,,,,
000R5,2024-10-06 14:00:00,15.4,1000.3,73,10.6,,6.9,,184,0,0,,,
000R5,2024-10-06 14:10:00,15.4,1000.2,73,10.6,,7.1,,166,,,,,
000R5,2024-10-06 14:20:00,15.3,1000.3,73,10.5,,7.1,,171,,,,,
000R5,2024-10-06 14:30:00,15.1,1000.3,74,10.5,,7.6,,172,,,,,
000R5,2024-10-06 14:40:00,15,1000.4,75,10.6,,7.7,,186,,,,,
000R5,2024-10-06 14:50:00,14.9,1000.1,75,10.5,,7.9,,190,,,,,
000R5,2024-10-06 15:00:00,14.9,1000.2,76,10.7,,6.8,,179,0,0,,,
000R5,2024-10-06 15:10:00,14.8,999.8,77,10.8,,9.3,,185,,,,,
000R5,2024-10-06 15:20:00,14.7,999.8,78,10.9,,7.4,,191,,,,,
000R5,2024-10-06 15:30:00,14.4,1000,78,10.7,,7.7,,204,,,,,
000R5,2024-10-06 15:40:00,14.3,1000,79,10.7,,7.1,,177,,,,,
000R5,2024-10-06 15:50:00,14.2,999.7,80,10.8,,6.9,,169,,,,,
000R5,2024-10-06 16:00:00,14.2,999.7,81,11,,7.4,,166,0,0,,,
000R5,2024-10-06 16:10:00,14.1,999.5,81,10.8,,4.8,,169,,,,,
000R5,2024-10-06 16:20:00,13.9,999.4,82,10.9,,4.7,,178,,,,,
000R5,2024-10-06 16:30:00,13.9,999.3,83,11,,4.8,,199,,,,,
000R5,2024-10-06 16:40:00,13.8,999.5,84,11.1,,7.1,,178,,,,,
000R5,2024-10-06 16:50:00,13.7,999.3,84,11.1,,6,,178,,,,,
000R5,2024-10-06 17:00:00,13.6,999.3,86,11.3,,7.4,,158,0,0,,,
000R5,2024-10-06 17:10:00,13.6,999.2,86,11.3,,5.6,,176,,,,,
000R5,2024-10-06 17:20:00,13.4,999.4,87,11.3,,4.3,,176,,,,,
000R5,2024-10-06 17:30:00,13.4,999.6,88,11.4,,6.8,,192,,,,,
000R5,2024-10-06 17:40:00,13.4,999.4,89,11.6,,6.3,,182,,,,,
000R5,2024-10-06 17:50:00,13.4,999.2,90,11.8,,6.3,,193,,,,,
000R5,2024-10-06 18:00:00,13.4,999.3,90,11.8,,6,,205,0,0,,,
000R5,2024-10-06 18:10:00,13.4,999.2,90,11.8,,6,,199,,,,,
000R5,2024-10-06 18:20:00,13.5,999,90,11.9,,5,,185,,,,,
000R5,2024-10-06 18:30:00,13.5,998.8,90,11.9,,3.2,,171,,,,,
000R5,2024-10-06 18:40:00,13.6,999,90,11.9,,4.8,,180,,,,,
000R5,2024-10-06 18:50:00,13.6,998.8,90,12,,4,,168,,,,,
000R5,2024-10-06 19:00:00,13.7,998.6,90,12.1,,3.9,,142,0,0,,,
000R5,2024-10-06 19:10:00,13.7,998.7,90,12.1,,4.7,,171,,,,,
000R5,2024-10-06 19:20:00,13.8,998.6,90,12.2,,3.1,,148,,,,,
000R5,2024-10-06 19:30:00,13.8,998.6,90,12.2,,4.7,,174,,,,,
000R5,2024-10-06 19:40:00,13.9,998.4,90,12.3,,6,,168,,,,,
000R5,2024-10-06 19:50:00,13.9,998.6,90,12.3,,5.1,,185,,,,,
000R5,2024-10-06 20:00:00,14,998.1,91,12.6,,6.3,,161,0,1.8,,,
000R5,2024-10-06 20:10:00,14,998.2,91,12.6,,4.8,,162,,,,,
000R5,2024-10-06 20:20:00,14.1,998.2,92,12.8,,6.3,,176,,,,,
000R5,2024-10-06 20:30:00,14.1,998.1,92,12.8,,6.8,,202,,,,,
000R5,2024-10-06 20:40:00,14.2,997.9,92,12.9,,6.4,,180,,,,,
000R5,2024-10-06 20:50:00,14.2,997.8,92,12.9,,5.6,,184,,,,,
000R5,2024-10-06 21:00:00,14.3,997.7,92,13,,5.5,,181,2.6,0.8,,,
000R5,2024-10-06 21:10:00,14.3,997.6,92,13,,6.4,,191,,,,,
000R5,2024-10-06 21:20:00,14.3,997.4,92,13,,5.5,,195,,,,,
000R5,2024-10-06 21:30:00,14.3,997.2,92,13,,6,,181,,,,,
000R5,2024-10-06 21:40:00,14.3,997.3,93,13.2,,7.1,,194,,,,,
000R5,2024-10-06 21:50:00,14.4,997.3,93,13.3,,7.7,,198,,,,,
000R5,2024-10-06 22:00:00,14.4,997.3,93,13.3,,6.9,,216,0,0,,,
000R5,2024-10-06 22:10:00,14.3,997.5,93,13.2,,5.5,,225,,,,,
000R5,2024-10-06 22:20:00,14.4,997.5,93,13.3,,4.8,,206,,,,,
000R5,2024-10-06 22:30:00,14.6,997.6,93,13.4,,6,,214,,,,,
000R5,2024-10-06 22:40:00,14.9,997.6,93,13.8,,8.4,,216,,,,,
000R5,2024-10-06 22:50:00,15.1,997.6,93,14,,6.9,,236,,,,,
000R5,2024-10-06 23:00:00,15.2,997.5,93,14.1,,7.4,,230,0,0,,,
000R5,2024-10-06 23:10:00,15.2,997.5,92,13.9,,6.1,,223,,,,,
000R5,2024-10-06 23:20:00,15.2,997.5,92,13.9,,4.8,,227,,,,,
000R5,2024-10-06 23:30:00,15.2,997.5,92,13.9,,5.3,,219,,,,,
000R5,2024-10-06 23:40:00,15.2,997.4,92,13.9,,3.5,,211,,,,,
000R5,2024-10-06 23:50:00,15.1,997.6,92,13.8,,4.8,,232,,,,,
000R5,2024-10-07 00:00:00,15.1,997.6,92,13.8,,5.8,,241,0,0,,,
000R5,2024-10-07 00:10:00,15.1,997.7,92,13.8,,6,,241,,,,,
000R5,2024-10-07 00:20:00,15.1,997.7,91,13.6,,6.1,,236,,,,,
000R5,2024-10-07 00:30:00,15,997.8,91,13.5,,7.2,,234,,,,,
000R5,2024-10-07 00:40:00,15,997.9,90,13.4,,7.6,,236,,,,,
000R5,2024-10-07 00:50:00,15,997.9,90,13.4,,6.9,,236,,,,,
000R5,2024-10-07 01:00:00,14.8,998,89,13,,8.7,,236,0,0,,,
000R5,2024-10-07 01:10:00,14.7,998,89,12.9,,9.5,,234,,,,,
000R5,2024-10-07 01:20:00,14.5,998.1,88,12.5,,7.4,,232,,,,,
000R5,2024-10-07 01:30:00,14.3,998.2,88,12.4,,9.8,,230,,,,,
000R5,2024-10-07 01:40:00,14.3,998.3,87,12.1,,10.9,,225,,,,,
000R5,2024-10-07 01:50:00,14.2,998.4,87,12.1,,10.5,,236,,,,,
000R5,2024-10-07 02:00:00,14.2,998.6,86,11.9,,9.5,,243,0,0,,,
000R5,2024-10-07 02:10:00,14.1,998.7,86,11.8,,7.7,,234,,,,,
000R5,2024-10-07 02:20:00,14,998.8,86,11.7,,8.9,,234,,,,,
000R5,2024-10-07 02:30:00,13.9,999,86,11.6,,7.2,,232,,,,,
000R5,2024-10-07 02:40:00,13.8,999,86,11.5,,7.4,,241,,,,,
000R5,2024-10-07 02:50:00,13.7,998.9,86,11.4,,4.7,,220,,,,,
000R5,2024-10-07 03:00:00,13.4,999,87,11.3,,3.1,,221,0,0,,,
000R5,2024-10-07 03:10:00,13.2,999,87,11,,5.1,,218,,,,,
000R5,2024-10-07 03:20:00,13.1,999,88,11.1,,6.9,,221,,,,,
000R5,2024-10-07 03:30:00,13.1,999.1,88,11.1,,6.9,,225,,,,,
000R5,2024-10-07 03:40:00,13.2,999.2,88,11.2,,6.8,,227,,,,,
000R5,2024-10-07 03:50:00,13.1,999.2,88,11.2,,6.9,,221,,,,,
000R5,2024-10-07 04:00:00,12.9,999.4,88,11,,8.2,,216,0,0,,,
000R5,2024-10-07 04:10:00,12.9,999.5,89,11.2,,8.7,,227,,,,,
000R5,2024-10-07 04:20:00,13.1,999.6,89,11.3,,8.9,,221,,,,,
000R5,2024-10-07 04:30:00,13.1,999.4,89,11.3,,8.9,,223,,,,,
000R5,2024-10-07 04:40:00,13.3,999.4,89,11.5,,11.1,,216,,,,,
000R5,2024-10-07 04:50:00,13.3,999.5,89,11.5,,9.3,,223,,,,,
000R5,2024-10-07 05:00:00,13.2,999.6,90,11.6,,7.7,,220,0,0,,,
000R5,2024-10-07 05:10:00,13.2,999.6,90,11.6,,7.1,,225,,,,,
000R5,2024-10-07 05:20:00,13.2,999.6,90,11.6,,8.2,,212,,,,,
000R5,2024-10-07 05:30:00,13.1,999.8,90,11.5,,6.6,,221,,,,,
000R5,2024-10-07 05:40:00,12.9,999.9,90,11.3,,7.1,,225,,,,,
000R5,2024-10-07 05:50:00,12.9,999.7,90,11.3,,7.6,,218,,,,,
000R5,2024-10-07 06:00:00,12.8,999.8,90,11.2,,7.9,,225,0,0,,,
000R5,2024-10-07 06:10:00,12.8,999.9,90,11.2,,7.1,,205,,,,,
000R5,2024-10-07 06:20:00,12.7,999.9,90,11.1,,6.8,,207,,,,,
000R5,2024-10-07 06:30:00,12.6,999.9,90,11,,6.4,,200,,,,,
000R5,2024-10-07 06:40:00,12.6,999.8,90,11,,6.8,,209,,,,,
000R5,2024-10-07 06:50:00,12.6,1000.1,90,11,,8.9,,214,,,,,
000R5,2024-10-07 07:00:00,12.6,1000.3,89,10.8,,8.5,,216,0,0,,,
000R5,2024-10-07 07:10:00,12.7,1000.3,89,10.9,,8.9,,221,,,,,
000R5,2024-10-07 07:20:00,12.8,1000.4,89,11,,9,,220,,,,,
000R5,2024-10-07 07:30:00,12.9,1000.4,89,11.2,,9.7,,223,,,,,
000R5,2024-10-07 07:40:00,13.2,1000.5,88,11.2,,10,,221,,,,,
000R5,2024-10-07 07:50:00,13.4,1000.7,88,11.5,,10.6,,216,,,,,
000R5,2024-10-07 08:00:00,13.8,1000.9,87,11.7,,10.1,,223,0,0.2,,,
000R5,2024-10-07 08:10:00,14.1,1001,86,11.7,,9.3,,212,,,,,
000R5,2024-10-07 08:20:00,14.3,1001.1,86,12,,9.7,,214,,,,,
000R5,2024-10-07 08:30:00,14.5,1001.2,85,12,,10.3,,225,,,,,
000R5,2024-10-07 08:40:00,14.8,1001.5,85,12.3,,11.1,,214,,,,,
000R5,2024-10-07 08:50:00,15.2,1001.6,84,12.5,,12.6,,218,,,,,
000R5,2024-10-07 09:00:00,15.1,1001.7,83,12.2,,15.1,,214,0.2,0,,,
000R5,2024-10-07 09:10:00,15.3,1001.6,82,12.2,,14.3,,221,,,,,
000R5,2024-10-07 09:20:00,15.5,1001.2,81,12.3,,11.4,,214,,,,,
000R5,2024-10-07 09:30:00,15.6,1001.5,82,12.5,,10.6,,212,,,,,
000R5,2024-10-07 09:40:00,15.6,1001.4,81,12.3,,7.4,,216,,,,,
000R5,2024-10-07 09:50:00,15.4,1001.5,82,12.4,,8,,221,,,,,
000R5,2024-10-07 10:00:00,16.1,1001.5,80,12.6,,6.6,,229,0,0,,,
000R5,2024-10-07 10:10:00,16.1,1001.4,81,12.8,,8.9,,219,,,,,
000R5,2024-10-07 10:20:00,16.5,1001.5,79,12.8,,8,,215,,,,,
000R5,2024-10-07 10:30:00,16.7,1001.5,79,13,,9.2,,218,,,,,
000R5,2024-10-07 10:40:00,16.7,1001.7,78,12.9,,8.5,,221,,,,,
000R5,2024-10-07 10:50:00,16.7,1001.6,79,13.1,,9,,212,,,,,
000R5,2024-10-07 11:00:00,17.4,1001.8,77,13.4,,8.9,,221,0,0,,,
000R5,2024-10-07 11:10:00,17.6,1001.7,76,13.3,,6.1,,214,,,,,
000R5,2024-10-07 11:20:00,17.3,1001.7,77,13.2,,6.8,,202,,,,,
000R5,2024-10-07 11:30:00,17.5,1001.6,77,13.4,,9.2,,210,,,,,
000R5,2024-10-07 11:40:00,18.4,1001.5,74,13.7,,7.6,,206,,,,,
000R5,2024-10-07 11:50:00,18.5,1001.2,75,14,,9.8,,225,,,,,
000R5,2024-10-07 12:00:00,18.6,1001.3,72,13.4,,8.2,,206,0,0,,,
STATIC0010,2024-10-05 00:00:00,4.7,1020.6,97,4.2,,0,,0,,0,,,
STATIC0010,2024-10-05 00:10:00,4.7,1020.7,97,4.2,,0,,0,,,,,
STATIC0010,2024-10-05 00:20:00,4.6,1020.6,97,4.1,,0,,0,,,,,
STATIC0010,2024-10-05 00:30:00,4.5,1020.6,97,4.1,,0,,0,,,,,
STATIC0010,2024-10-05 00:40:00,4.4,1020.5,97,4,,0,,0,,,,,
STATIC0010,2024-10-05 00:50:00,4.4,1020.5,97,4,,0,,0,,,,,
STATIC0010,2024-10-05 01:00:00,4.4,1020.4,97,4,,0,,0,,0,,,
STATIC0010,2024-10-05 01:10:00,4.3,1020.5,97,3.8,,0,,0,,,,,
STATIC0010,2024-10-05 01:20:00,4.3,1020.4,97,3.8,,0,,0,,,,,
STATIC0010,2024-10-05 01:30:00,4.2,1020.4,97,3.8,,0,,0,,,,,
STATIC0010,2024-10-05 01:40:00,4.2,1020.4,97,3.8,,0,,0,,,,,
STATIC0010,2024-10-05 01:50:00,4.2,1020.3,97,3.8,,0,,0,,,,,
STATIC0010,2024-10-05 02:00:00,4.1,1020.2,97,3.7,,0,,0,,0,,,
STATIC0010,2024-10-05 02:10:00,4,1020.1,97,3.6,,0,,0,,,,,
STATIC0010,2024-10-05 02:20:00,3.8,1020.1,97,3.4,,0,,0,,,,,
STATIC0010,2024-10-05 02:30:00,3.8,1020,97,3.4,,0,,0,,,,,
STATIC0010,2024-10-05 02:40:00,3.7,1020,97,3.3,,0,,0,,,,,
STATIC0010,2024-10-05 02:50:00,3.6,1020.1,97,3.2,,0,,0,,,,,
STATIC0010,2024-10-05 03:00:00,3.6,1020,97,3.2,,0,,0,,0,,,
STATIC0010,2024-10-05 03:10:00,3.6,1020,97,3.2,,0,,0,,,,,
STATIC0010,2024-10-05 03:20:00,3.5,1020,97,3.1,,0,,0,,,,,
STATIC0010,2024-10-05 03:30:00,3.4,1019.8,97,3.1,,0,,0,,,,,
STATIC0010,2024-10-05 03:40:00,3.3,1019.7,97,2.9,,0,,0,,,,,
STATIC0010,2024-10-05 03:50:00,3.3,1019.7,97,2.9,,0,,0,,,,,
STATIC0010,2024-10-05 04:00:00,3.3,1019.5,97,2.9,,0,,0,,0,,,
STATIC0010,2024-10-05 04:10:00,3.3,1019.5,98,3,,0,,0,,,,,
STATIC0010,2024-10-05 04:20:00,3.3,1019.6,98,3,,0,,0,,,,,
STATIC0010,2024-10-05 04:30:00,3.3,1019.6,98,2.9,,0,,0,,,,,
STATIC0010,2024-10-05 04:40:00,3.2,1019.7,98,2.8,,0,,0,,,,,
STATIC0010,2024-10-05 04:50:00,3,1019.5,98,2.7,,0,,0,,,,,
STATIC0010,2024-10-05 05:00:00,3,1019.3,98,2.7,,0,,0,,0,,,
STATIC0010,2024-10-05 05:10:00,3,1019.4,98,2.7,,0,,0,,,,,
STATIC0010,2024-10-05 05:20:00,2.9,1019.5,98,2.6,,0,,0,,,,,
STATIC0010,2024-10-05 05:30:00,2.9,1019.5,98,2.6,,0,,0,,,,,
STATIC0010,2024-10-05 05:40:00,2.8,1019.5,98,2.4,,0,,0,,,,,
STATIC0010,2024-10-05 05:50:00,2.8,1019.4,98,2.4,,0,,0,,,,,
STATIC0010,2024-10-05 06:00:00,2.7,1019.3,98,2.4,,0,,0,,0,,,
STATIC0010,2024-10-05 06:10:00,2.7,1019.4,98,2.4,,0,,0,,,,,
STATIC0010,2024-10-05 06:20:00,2.8,1019.3,98,2.6,,0,,0,,,,,
STATIC0010,2024-10-05 06:30:00,2.9,1019.2,98,2.7,,0,,0,,,,,
STATIC0010,2024-10-05 06:40:00,3,1019.3,98,2.8,,0,,0,,,,,
STATIC0010,2024-10-05 06:50:00,3.4,1019.3,99,3.3,,0,,0,,,,,
STATIC0010,2024-10-05 07:00:00,4.6,1019.1,99,4.4,,0,,,,0,,,
STATIC0010,2024-10-05 07:10:00,5.3,1019.2,100,5.2,,0,,0,,,,,
STATIC0010,2024-10-05 07:20:00,5.7,1019.2,99,5.6,,0,,0,,,,,
STATIC0010,2024-10-05 07:30:00,5.9,1019.2,99,5.7,,0,,0,,,,,
STATIC0010,2024-10-05 07:40:00,6,1019.2,99,5.8,,0,,0,,,,,
STATIC0010,2024-10-05 07:50:00,6.2,1019.4,99,6,,0,,0,,,,,
STATIC0010,2024-10-05 08:00:00,6.4,1019.4,99,6.2,,0,,0,,0,,,
STATIC0010,2024-10-05 08:10:00,6.5,1019.5,99,6.3,,0,,92,,,,,
STATIC0010,2024-10-05 08:20:00,6.8,1019.5,99,6.7,,0,,0,,,,,
STATIC0010,2024-10-05 08:30:00,7.2,1019.5,99,7.1,,0,,0,,,,,
STATIC0010,2024-10-05 08:40:00,7.2,1019.5,99,7,,0,,0,,,,,
STATIC0010,2024-10-05 08:50:00,7.4,1019.5,99,7.3,,0,,0,,,,,
STATIC0010,2024-10-05 09:00:00,7.7,1019.4,99,7.6,,0,,0,,0,,,
STATIC0010,2024-10-05 09:10:00,8.2,1019.3,99,8.1,,0,,0,,,,,
STATIC0010,2024-10-05 09:20:00,8.5,1019.1,99,8.4,,0,,0,,,,,
STATIC0010,2024-10-05 09:30:00,8.9,1018.9,100,8.8,,0,,,,,,,
STATIC0010,2024-10-05 09:40:00,9.1,1018.8,99,8.9,,0.4,,133,,,,,
STATIC0010,2024-10-05 09:50:00,9.6,1018.6,99,9.4,,0.5,,150,,,,,
STATIC0010,2024-10-05 10:00:00,10.2,1018.6,100,10.2,,0.6,,95,,0,,,
STATIC0010,2024-10-05 10:10:00,10.8,1018.5,100,10.8,,0.1,,183,,,,,
STATIC0010,2024-10-05 10:20:00,11.3,1018.4,100,11.3,,0,,53,,,,,
STATIC0010,2024-10-05 10:30:00,12,1018.5,99,11.8,,0.1,,95,,,,,
STATIC0010,2024-10-05 10:40:00,12.4,1018.4,97,12.1,,0.7,,180,,,,,
STATIC0010,2024-10-05 10:50:00,13.1,1018.3,96,12.4,,0.5,,170,,,,,
STATIC0010,2024-10-05 11:00:00,13.7,1018.1,94,12.8,,0.4,,190,,0,,,
STATIC0010,2024-10-05 11:10:00,14.2,1018,91,12.8,,0,,91,,,,,
STATIC0010,2024-10-05 11:20:00,14.6,1017.7,86,12.3,,0.7,,140,,,,,
STATIC0010,2024-10-05 11:30:00,15.2,1017.6,82,12.2,,0.1,,80,,,,,
STATIC0010,2024-10-05 11:40:00,15.5,1017.4,81,12.2,,0.1,,165,,,,,
STATIC0010,2024-10-05 11:50:00,15.8,1017.2,77,11.8,,0.1,,,,,,,
STATIC0010,2024-10-05 12:00:00,16.1,1017.1,76,11.8,,1.1,,166,,0,,,
STATIC0010,2024-10-05 12:10:00,16,1016.9,73,11.2,,2.1,,182,,,,,
STATIC0010,2024-10-05 12:20:00,16.3,1016.8,72,11.3,,0.9,,166,,,,,
STATIC0010,2024-10-05 12:30:00,16.7,1016.5,71,11.3,,1.4,,158,,,,,
STATIC0010,2024-10-05 12:40:00,16.8,1016.3,71,11.4,,1.3,,177,,,,,
STATIC0010,2024-10-05 12:50:00,16.9,1016.3,67,10.7,,1.6,,168,,,,,
STATIC0010,2024-10-05 13:00:00,16.5,1016.2,68,10.5,,1.5,,170,,0,,,
STATIC0010,2024-10-05 13:10:00,17.1,1016,66,10.7,,1.9,,169,,,,,
STATIC0010,2024-10-05 13:20:00,17,1016,64,10.2,,1.1,,171,,,,,
STATIC0010,2024-10-05 13:30:00,17.3,1015.9,64,10.4,,1.1,,140,,,,,
STATIC0010,2024-10-05 13:40:00,17.2,1015.8,62,9.8,,2,,170,,,,,
STATIC0010,2024-10-05 13:50:00,17.1,1015.6,61,9.5,,1.9,,172,,,,,
STATIC0010,2024-10-05 14:00:00,17.2,1015.5,59,9.1,,2.5,,170,,0,,,
STATIC0010,2024-10-05 14:10:00,17.3,1015.4,60,9.4,,2.3,,176,,,,,
STATIC0010,2024-10-05 14:20:00,17.4,1015.3,60,9.4,,1.4,,163,,,,,
STATIC0010,2024-10-05 14:30:00,17.3,1015.2,60,9.4,,2.3,,162,,,,,
STATIC0010,2024-10-05 14:40:00,17.3,1015,58,9.1,,1.8,,168,,,,,
STATIC0010,2024-10-05 14:50:00,17.3,1015,59,9.1,,2.1,,172,,,,,
STATIC0010,2024-10-05 15:00:00,17.2,1015,60,9.3,,3.4,,166,,0,,,
STATIC0010,2024-10-05 15:10:00,17.2,1014.8,60,9.2,,3.6,,167,,,,,
STATIC0010,2024-10-05 15:20:00,16.9,1014.8,61,9.3,,3.5,,169,,,,,
STATIC0010,2024-10-05 15:30:00,17,1014.5,61,9.4,,2.6,,175,,,,,
STATIC0010,2024-10-05 15:40:00,16.8,1014.4,62,9.4,,3.1,,166,,,,,
STATIC0010,2024-10-05 15:50:00,16.3,1014.3,63,9.4,,1.6,,173,,,,,
STATIC0010,2024-10-05 16:00:00,16.6,1014.2,64,9.7,,0.3,,159,,0,,,
STATIC0010,2024-10-05 16:10:00,16.7,1014,65,10,,0.1,,118,,,,,
STATIC0010,2024-10-05 16:20:00,16.6,1013.8,66,10.2,,0.4,,121,,,,,
STATIC0010,2024-10-05 16:30:00,16.3,1013.6,67,10.1,,0.2,,100,,,,,
STATIC0010,2024-10-05 16:40:00,16.1,1013.5,68,10.2,,0.1,,,,,,,
STATIC0010,2024-10-05 16:50:00,15.6,1013.5,69,10,,0,,107,,,,,
STATIC0010,2024-10-05 17:00:00,15.1,1013.4,71,9.8,,0,,103,,0,,,
STATIC0010,2024-10-05 17:10:00,14.6,1013.4,73,9.7,,0,,92,,,,,
STATIC0010,2024-10-05 17:20:00,14.2,1013.3,74,9.6,,0,,105,,,,,
STATIC0010,2024-10-05 17:30:00,13.8,1013.3,76,9.6,,0,,0,,,,,
STATIC0010,2024-10-05 17:40:00,13.4,1013.3,77,9.4,,0,,0,,,,,
STATIC0010,2024-10-05 17:50:00,13.2,1013.2,78,9.4,,0,,0,,,,,
STATIC0010,2024-10-05 18:00:00,12.8,1013.2,79,9.2,,0,,0,,0,,,
STATIC0010,2024-10-05 18:10:00,12.6,1013.2,79,9.1,,0,,0,,,,,
STATIC0010,2024-10-05 18:20:00,12.3,1013.1,80,9,,0,,0,,,,,
STATIC0010,2024-10-05 18:30:00,12,1013,81,8.9,,0,,0,,,,,
STATIC0010,2024-10-05 18:40:00,11.7,1013,82,8.8,,0,,0,,,,,
STATIC0010,2024-10-05 18:50:00,11.4,1012.8,83,8.6,,0,,,,,,,
STATIC0010,2024-10-05 19:00:00,11.2,1012.8,84,8.6,,0,,0,,0,,,
STATIC0010,2024-10-05 19:10:00,10.9,1012.6,85,8.5,,0,,0,,,,,
STATIC0010,2024-10-05 19:20:00,10.8,1012.6,86,8.4,,0,,0,,,,,
STATIC0010,2024-10-05 19:30:00,10.6,1012.5,86,8.3,,0,,0,,,,,
STATIC0010,2024-10-05 19:40:00,10.5,1012.5,86,8.3,,0,,0,,,,,
STATIC0010,2024-10-05 19:50:00,10.4,1012.5,86,8.3,,0,,0,,,,,
STATIC0010,2024-10-05 20:00:00,10.3,1012.5,87,8.2,,0,,0,,0,,,
STATIC0010,2024-10-05 20:10:00,10.3,1012.3,87,8.2,,0,,0,,,,,
STATIC0010,2024-10-05 20:20:00,10.2,1012.3,87,8.1,,0,,0,,,,,
STATIC0010,2024-10-05 20:30:00,10,1012.3,88,8.1,,0,,0,,,,,
STATIC0010,2024-10-05 20:40:00,9.8,1012.1,88,7.9,,0,,0,,,,,
STATIC0010,2024-10-05 20:50:00,9.6,1012,89,7.8,,0,,0,,,,,
STATIC0010,2024-10-05 21:00:00,9.5,1012.1,89,7.8,,0,,0,,0,,,
STATIC0010,2024-10-05 21:10:00,9.4,1012.2,89,7.7,,0,,0,,,,,
STATIC0010,2024-10-05 21:20:00,9.2,1012.1,89,7.4,,0,,0,,,,,
STATIC0010,2024-10-05 21:30:00,8.9,1012.2,90,7.3,,0,,0,,,,,
STATIC0010,2024-10-05 21:40:00,8.5,1012,90,6.9,,0,,0,,,,,
STATIC0010,2024-10-05 21:50:00,8.2,1011.9,90,6.6,,0,,0,,,,,
STATIC0010,2024-10-05 22:00:00,7.8,1011.8,91,6.4,,0,,0,,0,,,
STATIC0010,2024-10-05 22:10:00,7.7,1011.6,92,6.4,,0,,0,,,,,
STATIC0010,2024-10-05 22:20:00,7.7,1011.4,93,6.6,,0,,0,,,,,
STATIC0010,2024-10-05 22:30:00,7.9,1011.2,93,6.9,,0,,0,,,,,
STATIC0010,2024-10-05 22:40:00,8.1,1011.2,94,7.2,,0,,0,,,,,
STATIC0010,2024-10-05 22:50:00,8.2,1011.1,93,7.2,,0,,0,,,,,
STATIC0010,2024-10-05 23:00:00,8.2,1011.1,94,7.2,,0,,0,,0,,,
STATIC0010,2024-10-05 23:10:00,8.3,1011,94,7.3,,0,,0,,,,,
STATIC0010,2024-10-05 23:20:00,8.3,1010.9,93,7.2,,0,,64,,,,,
STATIC0010,2024-10-05 23:30:00,8.2,1010.7,93,7.1,,0,,0,,,,,
STATIC0010,2024-10-05 23:40:00,8.1,1010.6,93,6.9,,0,,0,,,,,
STATIC0010,2024-10-05 23:50:00,7.9,1010.4,93,6.9,,0,,0,,,,,
STATIC0010,2024-10-06 00:00:00,8.1,1010.2,94,7.1,,0,,0,,0,,,
STATIC0010,2024-10-06 00:10:00,8.2,1010.1,93,7.2,,0,,140,,,,,
STATIC0010,2024-10-06 00:20:00,8.2,1010,93,7.2,,0,,95,,,,,
STATIC0010,2024-10-06 00:30:00,8.2,1010.1,93,7.2,,0.1,,82,,,,,
STATIC0010,2024-10-06 00:40:00,8.2,1009.9,93,7.1,,0,,78,,,,,
STATIC0010,2024-10-06 00:50:00,8.1,1009.8,93,6.9,,0,,112,,,,,
STATIC0010,2024-10-06 01:00:00,8.1,1009.4,92,6.9,,0,,137,,0,,,
STATIC0010,2024-10-06 01:10:00,8.1,1009.3,92,6.9,,0.1,,105,,,,,
STATIC0010,2024-10-06 01:20:00,8,1008.9,93,6.8,,0.1,,103,,,,,
STATIC0010,2024-10-06 01:30:00,8.1,1008.7,93,6.9,,0.1,,81,,,,,
STATIC0010,2024-10-06 01:40:00,8.1,1008.5,93,7,,0.4,,111,,,,,
STATIC0010,2024-10-06 01:50:00,8.1,1008.3,93,6.9,,0.3,,88,,,,,
STATIC0010,2024-10-06 02:00:00,8.2,1008.3,93,7.1,,0.2,,130,,0,,,
STATIC0010,2024-10-06 02:10:00,8.2,1008.1,93,7.1,,0,,120,,,,,
STATIC0010,2024-10-06 02:20:00,8.1,1008,93,7,,0,,142,,,,,
STATIC0010,2024-10-06 02:30:00,8.1,1007.9,93,7,,0.1,,112,,,,,
STATIC0010,2024-10-06 02:40:00,8.2,1007.9,93,7.1,,0.2,,99,,,,,
STATIC0010,2024-10-06 02:50:00,8.2,1007.8,93,7.1,,0.1,,95,,,,,
STATIC0010,2024-10-06 03:00:00,8.2,1007.8,93,7.1,,0.1,,84,,0,,,
STATIC0010,2024-10-06 03:10:00,8.2,1007.4,93,7.2,,0.2,,101,,,,,
STATIC0010,2024-10-06 03:20:00,8.2,1007.3,93,7.2,,0.6,,97,,,,,
STATIC0010,2024-10-06 03:30:00,8.3,1007.3,93,7.2,,0.2,,110,,,,,
STATIC0010,2024-10-06 03:40:00,8.3,1007.2,93,7.2,,0.3,,110,,,,,
STATIC0010,2024-10-06 03:50:00,8.3,1007,93,7.3,,0.4,,112,,,,,
STATIC0010,2024-10-06 04:00:00,8.4,1006.9,93,7.4,,0.7,,93,,0,,,
STATIC0010,2024-10-06 04:10:00,8.4,1006.8,93,7.4,,1.2,,,,,,,
STATIC0010,2024-10-06 04:20:00,8.4,1006.7,93,7.4,,0.6,,,,,,,
STATIC0010,2024-10-06 04:30:00,8.6,1006.7,93,7.5,,0.3,,132,,,,,
STATIC0010,2024-10-06 04:40:00,8.6,1006.6,93,7.6,,0.9,,112,,,,,
STATIC0010,2024-10-06 04:50:00,8.6,1006.6,93,7.6,,0.8,,101,,,,,
STATIC0010,2024-10-06 05:00:00,8.7,1006.4,93,7.7,,0.4,,106,,0,,,
STATIC0010,2024-10-06 05:10:00,8.7,1006.5,93,7.7,,0.5,,116,,,,,
STATIC0010,2024-10-06 05:20:00,8.7,1006.4,93,7.7,,1.1,,96,,,,,
STATIC0010,2024-10-06 05:30:00,8.8,1006.5,93,7.8,,0.7,,118,,,,,
STATIC0010,2024-10-06 05:40:00,8.8,1006.3,93,7.8,,0.7,,112,,,,,
STATIC0010,2024-10-06 05:50:00,8.8,1006.3,93,7.8,,0.2,,138,,,,,
STATIC0010,2024-10-06 06:00:00,8.9,1006.3,93,7.8,,0.8,,121,,0,,,
STATIC0010,2024-10-06 06:10:00,8.9,1006.1,93,7.9,,0.5,,118,,,,,
STATIC0010,2024-10-06 06:20:00,8.9,1006.2,93,7.9,,1.3,,118,,,,,
STATIC0010,2024-10-06 06:30:00,9.1,1006.1,93,8,,1.3,,116,,,,,
STATIC0010,2024-10-06 06:40:00,9.1,1006.1,93,8,,1.2,,112,,,,,
STATIC0010,2024-10-06 06:50:00,9.2,1006,93,8.1,,0.3,,98,,,,,
STATIC0010,2024-10-06 07:00:00,9.3,1005.8,93,8.2,,0.9,,98,,0,,,
STATIC0010,2024-10-06 07:10:00,9.4,1005.8,92,8.3,,0.8,,101,,,,,
STATIC0010,2024-10-06 07:20:00,9.6,1005.8,92,8.3,,1,,118,,,,,
STATIC0010,2024-10-06 07:30:00,9.7,1006,92,8.4,,0.8,,161,,,,,
STATIC0010,2024-10-06 07:40:00,9.8,1005.7,91,8.4,,0.8,,139,,,,,
STATIC0010,2024-10-06 07:50:00,9.9,1005.5,91,8.6,,1.4,,100,,,,,
STATIC0010,2024-10-06 08:00:00,10.3,1005.4,91,8.8,,2.1,,142,,0,,,
STATIC0010,2024-10-06 08:10:00,10.6,1005.1,90,9.1,,1.6,,133,,,,,
STATIC0010,2024-10-06 08:20:00,10.8,1005,89,9,,2.4,,135,,,,,
STATIC0010,2024-10-06 08:30:00,10.8,1004.8,88,8.9,,2.6,,144,,,,,
STATIC0010,2024-10-06 08:40:00,11.1,1004.8,88,9.2,,1.9,,156,,,,,
STATIC0010,2024-10-06 08:50:00,11.5,1004.8,87,9.4,,2.5,,177,,,,,
STATIC0010,2024-10-06 09:00:00,11.9,1004.8,86,9.6,,3.2,,178,,0,,,
STATIC0010,2024-10-06 09:10:00,12.2,1004.8,85,9.7,,2.9,,178,,,,,
STATIC0010,2024-10-06 09:20:00,12.4,1004.4,84,9.8,,3.9,,169,,,,,
STATIC0010,2024-10-06 09:30:00,12.6,1004.5,83,9.8,,4.1,,167,,,,,
STATIC0010,2024-10-06 09:40:00,12.9,1004.3,83,10.1,,3.1,,176,,,,,
STATIC0010,2024-10-06 09:50:00,13.2,1004.2,82,10.3,,3.6,,179,,,,,
STATIC0010,2024-10-06 10:00:00,13.3,1004,81,10.2,,4.3,,,,0,,,
STATIC0010,2024-10-06 10:10:00,13.6,1003.9,80,10.3,,6.3,,172,,,,,
STATIC0010,2024-10-06 10:20:00,13.7,1003.6,80,10.3,,5.1,,172,,,,,
STATIC0010,2024-10-06 10:30:00,13.9,1003.5,80,10.5,,5.4,,170,,,,,
STATIC0010,2024-10-06 10:40:00,14.1,1003.5,80,10.6,,4.2,,173,,,,,
STATIC0010,2024-10-06 10:50:00,14.5,1003.3,79,10.9,,4.8,,172,,,,,
STATIC0010,2024-10-06 11:00:00,14.7,1003,78,11,,3.2,,172,,0,,,
STATIC0010,2024-10-06 11:10:00,14.4,1002.9,79,10.8,,3.4,,173,,,,,
STATIC0010,2024-10-06 11:20:00,14.6,1002.9,80,11.1,,2.5,,171,,,,,
STATIC0010,2024-10-06 11:30:00,15.2,1002.7,78,11.3,,3.7,,164,,,,,
STATIC0010,2024-10-06 11:40:00,15.3,1002.5,77,11.3,,5.7,,171,,,,,
STATIC0010,2024-10-06 11:50:00,15.6,1002.4,77,11.7,,5.5,,,,,,,
STATIC0010,2024-10-06 12:00:00,15.4,1002.3,76,11.3,,5.9,,169,,0,,,
STATIC0010,2024-10-06 12:10:00,15.3,1002.3,77,11.3,,5.8,,177,,,,,
STATIC0010,2024-10-06 12:20:00,15.1,1002.2,78,11.3,,5,,173,,,,,
STATIC0010,2024-10-06 12:30:00,15.1,1002.1,79,11.4,,5.4,,170,,,,,
STATIC0010,2024-10-06 12:40:00,14.9,1002,80,11.5,,5.2,,177,,,,,
STATIC0010,2024-10-06 12:50:00,15,1001.7,79,11.4,,4.3,,169,,,,,
STATIC0010,2024-10-06 13:00:00,15.2,1001.6,79,11.5,,3.4,,176,,0,,,
STATIC0010,2024-10-06 13:10:00,15.4,1001.6,78,11.5,,4.2,,168,,,,,
STATIC0010,2024-10-06 13:20:00,15.4,1001.6,77,11.5,,5.5,,172,,,,,
STATIC0010,2024-10-06 13:30:00,15.3,1001.4,77,11.4,,6.2,,172,,,,,
STATIC0010,2024-10-06 13:40:00,15.3,1001.5,78,11.6,,5.6,,175,,,,,
STATIC0010,2024-10-06 13:50:00,15.2,1001.4,79,11.6,,4.6,,175,,,,,
STATIC0010,2024-10-06 14:00:00,15.1,1001.3,80,11.7,,5.4,,175,,0,,,
STATIC0010,2024-10-06 14:10:00,15.1,1001.2,81,11.8,,4.1,,178,,,,,
STATIC0010,2024-10-06 14:20:00,14.9,1001.4,81,11.7,,6.4,,167,,,,,
STATIC0010,2024-10-06 14:30:00,14.8,1001.6,82,11.8,,5.8,,169,,,,,
STATIC0010,2024-10-06 14:40:00,14.5,1001.4,83,11.7,,6.6,,172,,,,,
STATIC0010,2024-10-06 14:50:00,14.3,1001.3,85,11.8,,3.6,,170,,,,,
STATIC0010,2024-10-06 15:00:00,14.2,1001.4,86,11.9,,3.4,,169,,0,,,
STATIC0010,2024-10-06 15:10:00,14.2,1001.2,86,11.9,,3.3,,172,,,,,
STATIC0010,2024-10-06 15:20:00,14.2,1001.2,86,11.9,,4,,169,,,,,
STATIC0010,2024-10-06 15:30:00,14.1,1001.1,87,11.9,,5.5,,174,,,,,
STATIC0010,2024-10-06 15:40:00,14,1001.1,88,12,,4.4,,173,,,,,
STATIC0010,2024-10-06 15:50:00,14,1001,88,12.1,,4.2,,172,,,,,
STATIC0010,2024-10-06 16:00:00,13.9,1001,89,12.2,,4,,168,,0,,,
STATIC0010,2024-10-06 16:10:00,13.7,1000.9,91,12.3,,4.8,,168,,,,,
STATIC0010,2024-10-06 16:20:00,13.6,1000.8,93,12.4,,2.7,,167,,,,,
STATIC0010,2024-10-06 16:30:00,13.4,1000.8,94,12.4,,1.7,,171,,,,,
STATIC0010,2024-10-06 16:40:00,13.4,1000.8,94,12.5,,1.5,,172,,,,,
STATIC0010,2024-10-06 16:50:00,13.4,1000.6,95,12.6,,2.3,,175,,,,,
STATIC0010,2024-10-06 17:00:00,13.4,1000.7,96,12.7,,2.2,,164,,0,,,
STATIC0010,2024-10-06 17:10:00,13.4,1000.6,96,12.8,,1.4,,172,,,,,
STATIC0010,2024-10-06 17:20:00,13.4,1000.7,96,12.8,,4.3,,170,,,,,
STATIC0010,2024-10-06 17:30:00,13.4,1000.7,97,12.9,,2,,177,,,,,
STATIC0010,2024-10-06 17:40:00,13.4,1000.5,97,12.9,,3.1,,171,,,,,
STATIC0010,2024-10-06 17:50:00,13.5,1000.7,97,13.1,,3,,171,,,,,
STATIC0010,2024-10-06 18:00:00,13.6,1000.5,97,13.1,,2,,169,,0,,,
STATIC0010,2024-10-06 18:10:00,13.6,1000.4,97,13.1,,0.1,,179,,,,,
STATIC0010,2024-10-06 18:20:00,13.6,1000.3,98,13.2,,0.6,,170,,,,,
STATIC0010,2024-10-06 18:30:00,13.6,1000.3,98,13.2,,0.8,,173,,,,,
STATIC0010,2024-10-06 18:40:00,13.7,1000.3,98,13.3,,0.3,,172,,,,,
STATIC0010,2024-10-06 18:50:00,13.7,1000.1,98,13.4,,1,,177,,,,,
STATIC0010,2024-10-06 19:00:00,13.7,1000.1,98,13.4,,1.1,,160,,0,,,
STATIC0010,2024-10-06 19:10:00,13.8,999.9,98,13.4,,0.4,,169,,,,,
STATIC0010,2024-10-06 19:20:00,13.8,999.9,98,13.4,,0.4,,171,,,,,
STATIC0010,2024-10-06 19:30:00,13.8,999.9,98,13.5,,0.2,,135,,,,,
STATIC0010,2024-10-06 19:40:00,13.9,999.8,98,13.6,,0.3,,160,,,,,
STATIC0010,2024-10-06 19:50:00,14,999.9,98,13.7,,0.2,,147,,,,,
STATIC0010,2024-10-06 20:00:00,14.1,999.7,98,13.8,,0.1,,157,1.6,1.6,,,
STATIC0010,2024-10-06 20:10:00,14.2,999.6,98,13.9,,0,,0,,,,,
STATIC0010,2024-10-06 20:20:00,14.2,999.5,99,14,,0,,177,,,,,
STATIC0010,2024-10-06 20:30:00,14.2,999.4,98,14,,0,,155,,,,,
STATIC0010,2024-10-06 20:40:00,14.3,999.4,99,14.1,,0,,175,,,,,
STATIC0010,2024-10-06 20:50:00,14.4,999.3,99,14.2,,0.4,,146,,,,,
STATIC0010,2024-10-06 21:00:00,14.6,999.2,99,14.4,,0.5,,154,1.8,0.2,,,
STATIC0010,2024-10-06 21:10:00,14.7,999.1,99,14.6,,0.7,,170,,,,,
STATIC0010,2024-10-06 21:20:00,14.8,998.9,99,14.7,,1,,163,,,,,
STATIC0010,2024-10-06 21:30:00,14.9,998.8,99,14.8,,1.3,,165,,,,,
STATIC0010,2024-10-06 21:40:00,14.9,999,99,14.8,,1.1,,169,,,,,
STATIC0010,2024-10-06 21:50:00,15.1,999,99,15,,0.6,,157,,,,,
STATIC0010,2024-10-06 22:00:00,15.2,998.9,99,15.1,,1.3,,168,1.8,0,,,
STATIC0010,2024-10-06 22:10:00,15.2,998.8,99,15.1,,0.9,,175,,,,,
STATIC0010,2024-10-06 22:20:00,15.3,998.9,99,15.2,,0.9,,174,,,,,
STATIC0010,2024-10-06 22:30:00,15.4,999,99,15.3,,0.4,,210,,,,,
STATIC0010,2024-10-06 22:40:00,15.6,999,100,15.5,,1,,209,,,,,
STATIC0010,2024-10-06 22:50:00,15.6,999,99,15.4,,2.1,,209,,,,,
STATIC0010,2024-10-06 23:00:00,15.5,999,99,15.3,,1.7,,226,0.2,0,,,
STATIC0010,2024-10-06 23:10:00,15.5,999,99,15.3,,2.2,,228,,,,,
STATIC0010,2024-10-06 23:20:00,15.5,999.1,99,15.3,,0.8,,236,,,,,
STATIC0010,2024-10-06 23:30:00,15.4,999.1,98,15.1,,2.8,,246,,,,,
STATIC0010,2024-10-06 23:40:00,15.2,999.1,98,14.9,,1.8,,227,,,,,
STATIC0010,2024-10-06 23:50:00,15.1,999.2,98,14.8,,1.4,,235,,,,,
STATIC0010,2024-10-07 00:00:00,15.1,999.2,98,14.8,,1.1,,,0.6,0.6,,,
STATIC0010,2024-10-07 00:10:00,15.1,999.4,98,14.8,,1.4,,226,,,,,
STATIC0010,2024-10-07 00:20:00,14.9,999.5,98,14.6,,2.8,,234,,,,,
STATIC0010,2024-10-07 00:30:00,14.8,999.6,97,14.4,,2.1,,240,,,,,
STATIC0010,2024-10-07 00:40:00,14.8,999.7,97,14.3,,2,,244,,,,,
STATIC0010,2024-10-07 00:50:00,14.7,999.8,97,14.2,,1,,243,,,,,
STATIC0010,2024-10-07 01:00:00,14.5,999.8,97,14.1,,1.7,,251,0.6,0,,,
STATIC0010,2024-10-07 01:10:00,14.4,999.9,97,13.9,,2.2,,249,,,,,
STATIC0010,2024-10-07 01:20:00,14.3,1000,96,13.7,,0.5,,245,,,,,
STATIC0010,2024-10-07 01:30:00,14.2,1000.2,96,13.6,,1.2,,229,,,,,
STATIC0010,2024-10-07 01:40:00,14.1,1000.4,96,13.5,,1,,230,,,,,
STATIC0010,2024-10-07 01:50:00,14,1000.6,96,13.4,,0.8,,237,,,,,
STATIC0010,2024-10-07 02:00:00,13.9,1000.5,96,13.3,,0.3,,237,0.6,0,,,
STATIC0010,2024-10-07 02:10:00,13.8,1000.6,96,13.1,,0.1,,242,,,,,
STATIC0010,2024-10-07 02:20:00,13.7,1000.6,96,13.1,,0.5,,225,,,,,
STATIC0010,2024-10-07 02:30:00,13.6,1000.7,96,12.9,,0,,0,,,,,
STATIC0010,2024-10-07 02:40:00,13.6,1000.6,96,12.9,,0,,0,,,,,
STATIC0010,2024-10-07 02:50:00,13.5,1000.7,96,12.9,,0.1,,148,,,,,
STATIC0010,2024-10-07 03:00:00,13.4,1000.6,96,12.8,,0,,168,,0,,,
STATIC0010,2024-10-07 03:10:00,13.3,1000.6,97,12.7,,0,,0,,,,,
STATIC0010,2024-10-07 03:20:00,13.3,1000.7,97,12.8,,0,,0,,,,,
STATIC0010,2024-10-07 03:30:00,13.2,1000.7,97,12.7,,0,,0,,,,,
STATIC0010,2024-10-07 03:40:00,13.1,1000.8,97,12.6,,0,,0,,,,,
STATIC0010,2024-10-07 03:50:00,13,1000.8,97,12.6,,0,,164,,,,,
STATIC0010,2024-10-07 04:00:00,12.9,1001.1,97,12.4,,0,,156,,0,,,
STATIC0010,2024-10-07 04:10:00,12.8,1001.2,97,12.3,,0.3,,167,,,,,
STATIC0010,2024-10-07 04:20:00,12.7,1001.2,97,12.3,,1,,184,,,,,
STATIC0010,2024-10-07 04:30:00,12.6,1001,97,12.2,,0.2,,215,,,,,
STATIC0010,2024-10-07 04:40:00,12.5,1001.1,97,12.1,,0,,167,,,,,
STATIC0010,2024-10-07 04:50:00,12.4,1001.2,97,12,,0.3,,171,,,,,
STATIC0010,2024-10-07 05:00:00,12.3,1001.3,97,11.9,,0,,235,,0,,,
STATIC0010,2024-10-07 05:10:00,12.3,1001.3,97,11.8,,0.1,,235,,,,,
STATIC0010,2024-10-07 05:20:00,12.2,1001.3,97,11.7,,0.4,,232,,,,,
STATIC0010,2024-10-07 05:30:00,12.1,1001.4,97,11.7,,0.1,,192,,,,,
STATIC0010,2024-10-07 05:40:00,12.2,1001.4,98,11.8,,0.5,,188,,,,,
STATIC0010,2024-10-07 05:50:00,12.2,1001.5,97,11.8,,0.2,,186,,,,,
STATIC0010,2024-10-07 06:00:00,12.1,1001.5,97,11.7,,0.2,,203,,0,,,
STATIC0010,2024-10-07 06:10:00,12.1,1001.5,97,11.6,,0.1,,161,,,,,
STATIC0010,2024-10-07 06:20:00,11.9,1001.5,97,11.4,,0.1,,164,,,,,
STATIC0010,2024-10-07 06:30:00,11.8,1001.6,97,11.3,,0,,0,,,,,
STATIC0010,2024-10-07 06:40:00,11.7,1001.5,97,11.2,,0,,0,,,,,
STATIC0010,2024-10-07 06:50:00,11.9,1001.6,98,11.5,,0,,0,,,,,
STATIC0010,2024-10-07 07:00:00,12.2,1001.6,98,11.8,,0,,165,,0,,,
STATIC0010,2024-10-07 07:10:00,12.4,1001.6,98,12.1,,0,,,,,,,
STATIC0010,2024-10-07 07:20:00,12.7,1001.7,97,12.2,,0,,0,,,,,
STATIC0010,2024-10-07 07:30:00,12.8,1001.8,97,12.4,,0,,155,,,,,
STATIC0010,2024-10-07 07:40:00,13,1001.9,97,12.4,,0.3,,206,,,,,
STATIC0010,2024-10-07 07:50:00,13.1,1001.9,96,12.5,,0.6,,214,,,,,
STATIC0010,2024-10-07 08:00:00,13.3,1002.3,96,12.8,,0.6,,220,,0,,,
STATIC0010,2024-10-07 08:10:00,13.7,1002.3,96,13,,0.8,,208,,,,,
STATIC0010,2024-10-07 08:20:00,13.8,1002.6,95,13.1,,1.7,,205,,,,,
STATIC0010,2024-10-07 08:30:00,14.1,1002.7,95,13.3,,1.5,,201,,,,,
STATIC0010,2024-10-07 08:40:00,14.4,1002.8,94,13.6,,1,,212,,,,,
STATIC0010,2024-10-07 08:50:00,14.8,1002.9,93,13.7,,1.9,,230,,,,,
STATIC0010,2024-10-07 09:00:00,15.1,1002.9,92,13.8,,2.4,,242,,0,,,
STATIC0010,2024-10-07 09:10:00,14.8,1002.5,91,13.3,,3.2,,249,,,,,
STATIC0010,2024-10-07 09:20:00,14.9,1002.6,92,13.7,,1,,,,,,,
STATIC0010,2024-10-07 09:30:00,15.1,1002.5,91,13.6,,0.6,,214,,,,,
STATIC0010,2024-10-07 09:40:00,15.3,1002.6,92,13.9,,0.2,,263,,,,,
STATIC0010,2024-10-07 09:50:00,15.6,1002.7,91,14.1,,0.4,,228,,,,,
STATIC0010,2024-10-07 10:00:00,16,1002.5,89,14.2,,1.3,,198,,0,,,
STATIC0010,2024-10-07 10:10:00,16.3,1002.5,87,14.2,,0.6,,204,,,,,
STATIC0010,2024-10-07 10:20:00,16.3,1002.6,87,14.1,,1.3,,191,,,,,
STATIC0010,2024-10-07 10:30:00,16.5,1002.8,88,14.4,,0.4,,165,,,,,
STATIC0010,2024-10-07 10:40:00,16.8,1002.7,86,14.4,,1.1,,188,,,,,
STATIC0010,2024-10-07 10:50:00,17.1,1002.7,85,14.5,,1.1,,197,,,,,
STATIC0010,2024-10-07 11:00:00,17.3,1002.7,83,14.5,,1.6,,183,,0,,,
STATIC0010,2024-10-07 11:10:00,17.8,1002.6,82,14.7,,1,,196,,,,,
STATIC0010,2024-10-07 11:20:00,18.1,1002.5,79,14.4,,1.6,,179,,,,,
STATIC0010,2024-10-07 11:30:00,18.1,1002.5,77,14,,1,,191,,,,,
STATIC0010,2024-10-07 11:40:00,18.1,1002.5,79,14.3,,1.2,,223,,,,,
STATIC0010,2024-10-07 11:50:00,18.2,1002.4,77,14.1,,1.1,,181,,,,,
STATIC0010,2024-10-07 12:00:00,18.2,1002.3,76,14,,0.8,,183,,0,,,
